[
    // Source: the fandom, so take these with a grain of salt
    // I also did some testing in the official version, but by far not all
    
    {
        "name": "Ancient era",
        "researchAgreementCost": 150,
        "startingSettlerCount": 1, // These values should not include the values given in Difficulties.json
        "startingWorkerCount": 0,
        "startingMilitaryUnitCount": 1,
        "startingMilitaryUnit": "Warrior",
        "settlerPopulation": 1,
		       "baseUnitBuyCost": 200,
			   "startPercent": 0,
        "friendBonus": {
            "Cultured": ["Provides [3] [Culture] per turn"],
            "Maritime": ["Provides [2] [Food] [in capital]"],
            "Mercantile": ["Provides [3] Happiness"],
            "Religious": ["Provides [3] [Faith] per turn"],
            "Militaristic": ["Provides military units every ≈[20] turns"]
        },
        "allyBonus": {
            "Cultured": ["Provides [6] [Culture] per turn"],
            "Maritime": ["Provides [2] [Food] [in capital]", "Provides [1] [Food] [in all cities]"],
            "Mercantile": ["Provides [3] Happiness", "Provides a unique luxury"],
            "Religious": ["Provides [6] [Faith] per turn"],
            "Militaristic": ["Provides military units every ≈[17] turns"]
        },
        "iconRGB": [255, 87, 35]
    },
    {
        "name": "Classical era",
        "researchAgreementCost": 150,
        "startingSettlerCount": 1,
        "startingWorkerCount": 0,
        "startingMilitaryUnitCount": 2,
        "startingMilitaryUnit": "Spearman",
        "startingGold": 10,
        "startingCulture": 100,
        "settlerPopulation": 1,
		"baseUnitBuyCost": 200,
		"startPercent": 10,
        "friendBonus": {
            "Cultured": ["Provides [3] [Culture] per turn"],
            "Maritime": ["Provides [2] [Food] [in capital]"],
            "Mercantile": ["Provides [2] Happiness"],
			"Religious": ["Provides [3] [Faith] per turn"],
            "Militaristic": ["Provides military units every ≈[20] turns"]
        },
        "allyBonus": {
            "Cultured": ["Provides [6] [Culture] per turn"],
            "Maritime": ["Provides [2] [Food] [in capital]", "Provides [1] [Food] [in all cities]"],
            "Mercantile": ["Provides [2] Happiness", "Provides a unique luxury"],
            "Religious": ["Provides [6] [Faith] per turn"],
            "Militaristic": ["Provides military units every ≈[17] turns"]
        },
        "iconRGB": [233, 31, 99]
    },
    {
        "name": "Medieval era",
        "researchAgreementCost": 250,
        "startingSettlerCount": 2,
        "startingWorkerCount": 1,
        "startingMilitaryUnitCount": 3,
        "startingMilitaryUnit": "Spearman",
        "startingGold": 25,
        "startingCulture": 200,
        "settlerPopulation": 1,
        "settlerBuildings": ["Shrine","Monument"],
        "startingObsoleteWonders": ["Temple of Artemis", "Stonehenge", "The Great Library", "Mausoleum of Halicarnassus", "The Pyramids", "Statue of Zeus"],
"baseUnitBuyCost": 200,
"startPercent": 25,
        "friendBonus": {
            "Cultured": ["Provides [6] [Culture] per turn"],
            "Maritime": ["Provides [2] [Food] [in capital]"],
            "Mercantile": ["Provides [3] Happiness"],
			"Religious": ["Provides [6] [Faith] per turn"],
            "Militaristic": ["Provides military units every ≈[20] turns"]
        },
        "allyBonus": {
            "Cultured": ["Provides [12] [Culture] per turn"],
            "Maritime": ["Provides [2] [Food] [in capital]", "Provides [1] [Food] [in all cities]"],
            "Mercantile": ["Provides [3] Happiness", "Provides a unique luxury"],
			"Religious": ["Provides [12] [Faith] per turn"],
            "Militaristic": ["Provides military units every ≈[17] turns"]
        },       
	   "iconRGB": [157, 39, 176]
    },
    {
        "name": "Renaissance era",
        "researchAgreementCost": 250,
        "startingSettlerCount": 2,
        "startingWorkerCount": 1,
        "startingMilitaryUnitCount": 3,
        "startingMilitaryUnit": "Pikeman",
        "startingGold": 50,
        "startingCulture": 300,
        "settlerPopulation": 2,
        "settlerBuildings": ["Shrine","Monument","Granary","Lighthouse"],
        "startingObsoleteWonders": ["Parthenon","Great Mosque of Djenne","Temple of Artemis", "Stonehenge", "The Great Library", "Mausoleum of Halicarnassus", "The Pyramids", "Statue of Zeus", 
            "The Great Lighthouse", "Hanging Gardens", "Terracotta Army", "The Oracle", "Petra", "Great Wall", "Colossus"],
  "baseUnitBuyCost": 300,
  "startPercent": 37,
        "friendBonus": {
            "Cultured": ["Provides [6] [Culture] per turn"],
            "Maritime": ["Provides [2] [Food] [in capital]"],
            "Mercantile": ["Provides [3] Happiness"],
			"Religious": ["Provides [6] [Faith] per turn"],
            "Militaristic": ["Provides military units every ≈[20] turns"]
        },
        "allyBonus": {
            "Cultured": ["Provides [12] [Culture] per turn"],
            "Maritime": ["Provides [2] [Food] [in capital]", "Provides [1] [Food] [in all cities]"],
            "Mercantile": ["Provides [3] Happiness", "Provides a unique luxury"],
			"Religious": ["Provides [12] [Faith] per turn"],
            "Militaristic": ["Provides military units every ≈[17] turns"]
        },       
	   "iconRGB": [104, 58, 183]
    },
    {
        "name": "Industrial era",
        "researchAgreementCost": 300,
        "startingSettlerCount": 3,
        "startingWorkerCount": 2,
        "startingMilitaryUnitCount": 5,
        "startingMilitaryUnit": "Musketman",
        "startingGold": 100,
        "startingCulture": 400,
        "settlerPopulation": 3,
        "settlerBuildings": ["Parthenon","Great Mosque of Djenne","Monument","Granary","Lighthouse","Market","Workshop","Amphitheater","Barracks","Library","Colosseum"],
        "startingObsoleteWonders": ["Parthenon","Great Mosque of Djenne","Althing","Temple of Artemis", "Stonehenge", "The Great Library", "Mausoleum of Halicarnassus", "The Pyramids", "Statue of Zeus",
            "The Great Lighthouse", "Hanging Gardens", "Terracotta Army", "The Oracle", "Petra", "Great Wall", "Colossus",
            "Hagia Sophia", "Chichen Itza", "Machu Picchu", "Angkor Wat", "Alhambra", "Notre Dame"],
          "baseUnitBuyCost": 400,
		  "startPercent": 50,
        "friendBonus": {
            "Cultured": ["Provides [13] [Culture] per turn"],
            "Maritime": ["Provides [2] [Food] [in capital]"],
            "Mercantile": ["Provides [3] Happiness"],
			"Religious": ["Provides [13] [Faith] per turn"],
            "Militaristic": ["Provides military units every ≈[20] turns"]
        },
        "allyBonus": {
            "Cultured": ["Provides [26] [Culture] per turn"],
            "Maritime": ["Provides [2] [Food] [in capital]", "Provides [1] [Food] [in all cities]"],
            "Mercantile": ["Provides [3] Happiness", "Provides a unique luxury"],
			"Religious": ["Provides [26] [Faith] per turn"],
            "Militaristic": ["Provides military units every ≈[17] turns"]
        },
		"iconRGB": [63, 81, 182]
		        "uniques": ["May not generate great prophet equivalents naturally",
            "May buy [Great Prophet] units for [200] [Faith] [in all cities in which the majority religion is a major religion] at an increasing price ([100])",
            "Starting in this era disables religion"]
    },
    {
        "name": "Modern era",
        "researchAgreementCost": 350,
        "startingSettlerCount": 3,
        "startingWorkerCount": 2,
        "startingMilitaryUnitCount": 5,
        "startingMilitaryUnit": "Rifleman",
        "startingGold": 200,
        "startingCulture": 500,
        "settlerPopulation": 3,
        "settlerBuildings": ["Monument","Granary","Lighthouse","Market","Workshop","Amphitheater","Barracks","Library","Colosseum"],
        "startingObsoleteWonders": ["Parthenon","Great Mosque of Djenne","Althing","Red Fort","Temple of Artemis", "Stonehenge", "The Great Library", "Mausoleum of Halicarnassus", "The Pyramids", "Statue of Zeus",
            "The Great Lighthouse", "Hanging Gardens", "Terracotta Army", "The Oracle", "Petra", "Great Wall", "Colossus",
            "Hagia Sophia", "Chichen Itza", "Machu Picchu", "Angkor Wat", "Alhambra", "Notre Dame", 
            "Sistine Chapel", "Forbidden Palace", "Leaning Tower of Pisa", "Himeji Castle", "Taj Mahal", "Porcelain Tower", "Kremlin"],
         "baseUnitBuyCost": 600,
		 "startPercent": 65,
        "friendBonus": {
            "Cultured": ["Provides [13] [Culture] per turn"],
            "Maritime": ["Provides [2] [Food] [in capital]"],
            "Mercantile": ["Provides [3] Happiness"],
			"Religious": ["Provides [13] [Faith] per turn"],
            "Militaristic": ["Provides military units every ≈[20] turns"]
        },
        "allyBonus": {
            "Cultured": ["Provides [26] [Culture] per turn"],
            "Maritime": ["Provides [2] [Food] [in capital]", "Provides [1] [Food] [in all cities]"],
            "Mercantile": ["Provides [3] Happiness", "Provides a unique luxury"],
			"Religious": ["Provides [26] [Faith] per turn"],
            "Militaristic": ["Provides military units every ≈[17] turns"]
        },
		"iconRGB": [33, 150, 243]
		        "uniques": ["May not generate great prophet equivalents naturally",
            "May buy [Great Prophet] units for [200] [Faith] [in all cities in which the majority religion is a major religion] at an increasing price ([100])",
            "Starting in this era disables religion"]
    },
    {
        "name": "Atomic era",
        "researchAgreementCost": 400,
        "startingSettlerCount": 3,
        "startingWorkerCount": 2,
        "startingMilitaryUnitCount": 5,
        "startingMilitaryUnit": "Infantry",
        "startingGold": 200,
        "startingCulture": 500,
        "settlerPopulation": 4,
        "settlerBuildings": ["Monument","Granary","Lighthouse","Market","Workshop","Amphitheater","Barracks","Library","Colosseum"],
        "startingObsoleteWonders": ["Parthenon","Great Mosque of Djenne","Althing","Red Fort","Temple of Artemis", "Stonehenge", "The Great Library", "Mausoleum of Halicarnassus", "The Pyramids", "Statue of Zeus",
            "The Great Lighthouse", "Hanging Gardens", "Terracotta Army", "The Oracle", "Petra", "Great Wall", "Colossus",
            "Hagia Sophia", "Chichen Itza", "Machu Picchu", "Angkor Wat", "Alhambra", "Notre Dame", 
            "Sistine Chapel", "Forbidden Palace", "Leaning Tower of Pisa", "Himeji Castle", "Taj Mahal", "Porcelain Tower", "Kremlin",
            "The Louvre", "Big Ben", "Brandenburg Gate"],
        "baseUnitBuyCost": 800,
		"startPercent": 65,
        "friendBonus": {
            "Cultured": ["Provides [13] [Culture] per turn"],
            "Maritime": ["Provides [2] [Food] [in capital]"],
            "Mercantile": ["Provides [3] Happiness"],
			"Religious": ["Provides [13] [Faith] per turn"],
            "Militaristic": ["Provides military units every ≈[20] turns"]
        },
        "allyBonus": {
            "Cultured": ["Provides [26] [Culture] per turn"],
            "Maritime": ["Provides [2] [Food] [in capital]", "Provides [1] [Food] [in all cities]"],
            "Mercantile": ["Provides [3] Happiness", "Provides a unique luxury"],
			"Religious": ["Provides [26] [Faith] per turn"],
            "Militaristic": ["Provides military units every ≈[17] turns"]
        },
		"iconRGB": [0, 150, 136]
		        "uniques": ["May not generate great prophet equivalents naturally",
            "May buy [Great Prophet] units for [200] [Faith] [in all cities in which the majority religion is a major religion] at an increasing price ([100])",
            "Starting in this era disables religion"]
    },
    {
        "name": "Information era",
        "researchAgreementCost": 400,
        "startingSettlerCount": 3,
        "startingWorkerCount": 3,
        "startingMilitaryUnitCount": 5,
        "startingMilitaryUnit": "Marine",
        "startingGold": 400,
        "startingCulture": 600,
        "settlerPopulation": 5,
        "settlerBuildings": ["Monument","Granary","Lighthouse","Market","Workshop","Amphitheater","Barracks","Library","Colosseum","Zoo","Bank"],
        "startingObsoleteWonders": ["Parthenon","Great Mosque of Djenne","Althing","Prora","Red Fort","Temple of Artemis", "Stonehenge", "The Great Library", "Mausoleum of Halicarnassus", "The Pyramids", "Statue of Zeus",
            "The Great Lighthouse", "Hanging Gardens", "Terracotta Army", "The Oracle", "Petra", "Great Wall", "Colossus",
            "Hagia Sophia", "Chichen Itza", "Machu Picchu", "Angkor Wat", "Alhambra", "Notre Dame", 
            "Sistine Chapel", "Forbidden Palace", "Leaning Tower of Pisa", "Himeji Castle", "Taj Mahal", "Porcelain Tower", "Kremlin",
            "The Louvre", "Big Ben", "Brandenburg Gate",
            "Eiffel Tower", "Statue of Liberty", "Neuschwanstein", "Cristo Redentor"],
        "baseUnitBuyCost": 1000,
		"startPercent": 80,
        // So theoretically this is always just all the wonders at least 2 eras old. So we could just use that. 
        // But where is the modularity? The excluding of very specific wonders? That is no fun.
        // So we just write down the entire long list (sorted by era!) instead.
        "friendBonus": {
            "Cultured": ["Provides [13] [Culture] per turn"],
            "Maritime": ["Provides [2] [Food] [in capital]"],
            "Mercantile": ["Provides [3] Happiness"],
			"Religious": ["Provides [13] [Faith] per turn"],
            "Militaristic": ["Provides military units every ≈[20] turns"]
        },
        "allyBonus": {
            "Cultured": ["Provides [26] [Culture] per turn"],
            "Maritime": ["Provides [2] [Food] [in capital]", "Provides [1] [Food] [in all cities]"],
            "Mercantile": ["Provides [3] Happiness", "Provides a unique luxury"],
			"Religious": ["Provides [26] [Faith] per turn"],
            "Militaristic": ["Provides military units every ≈[17] turns"]
        },
        "iconRGB": [76, 176, 81]
		        "uniques": ["May not generate great prophet equivalents naturally",
            "May buy [Great Prophet] units for [200] [Faith] [in all cities in which the majority religion is a major religion] at an increasing price ([100])",
            "Starting in this era disables religion"]
    },
    { // Technically, this Era doesn't exist in the original game. 
      // But as it is _really_ usefull to have for testing, I'd like to keep it. 
      // The stats are just copy-pasted from the information era.
        "name": "Future era",
        "researchAgreementCost": 400,
        "startingSettlerCount": 3,
        "startingWorkerCount": 3,
        "startingMilitaryUnitCount": 5,
        "startingMilitaryUnit": "Marine",
        "startingGold": 400,
        "startingCulture": 600,
        "settlerPopulation": 5,
        "settlerBuildings": ["Monument","Granary","Lighthouse","Market","Workshop","Amphitheater","Barracks","Library","Colosseum","Zoo","Bank"],
        "startingObsoleteWonders": ["Parthenon","Great Mosque of Djenne","Althing","Prora","Red Fort","Temple of Artemis", "Stonehenge", "The Great Library", "Mausoleum of Halicarnassus", "The Pyramids", "Statue of Zeus",
            "The Great Lighthouse", "Hanging Gardens", "Terracotta Army", "The Oracle", "Petra", "Great Wall", "Colossus",
            "Hagia Sophia", "Chichen Itza", "Machu Picchu", "Angkor Wat", "Alhambra", "Notre Dame", 
            "Sistine Chapel", "Forbidden Palace", "Leaning Tower of Pisa", "Himeji Castle", "Taj Mahal", "Porcelain Tower", "Kremlin",
            "The Louvre", "Big Ben", "Brandenburg Gate",
            "Eiffel Tower", "Statue of Liberty", "Neuschwanstein", "Cristo Redentor", "CN Tower"],
			 "baseUnitBuyCost": 1000,
			 "startPercent": 80,
        "friendBonus": {
            "Cultured": ["Provides [13] [Culture] per turn"],
            "Maritime": ["Provides [2] [Food] [in capital]"],
            "Mercantile": ["Provides [3] Happiness"],
			"Religious": ["Provides [13] [Faith] per turn"],
            "Militaristic": ["Provides military units every ≈[20] turns"]
        },
        "allyBonus": {
            "Cultured": ["Provides [26] [Culture] per turn"],
            "Maritime": ["Provides [2] [Food] [in capital]", "Provides [1] [Food] [in all cities]"],
            "Mercantile": ["Provides [3] Happiness", "Provides a unique luxury"],
			"Religious": ["Provides [26] [Faith] per turn"],
            "Militaristic": ["Provides military units every ≈[17] turns"]
        },
        "iconRGB": [76, 176, 81]
		        "uniques": ["May not generate great prophet equivalents naturally",
            "May buy [Great Prophet] units for [200] [Faith] [in all cities in which the majority religion is a major religion] at an increasing price ([100])",
            "Starting in this era disables religion"]
    }
]