[
	//Spectator
	{
		"name": "Spectator",
		"outerColor": [255,255,255]
//		"innerColor": [255,255,255]
	},
//nati
	{
		"name": "Imperium",
		"leaderName": "Certanium",
		"adjective": ["Ukrainian"],
		"startBias": ["Coast","Plains"],
		"preferredVictoryType": "Domination",
		
		"startIntroPart1": ".",
		"startIntroPart2": "Cast your net wide, Certanium, Emperor of mighty Imperium. Fear not for your safety, as your Imperial Guards will protect all sides of your empire. Build your mighty Skutatoi. Be prepared to lead your people, and establish the largest empire seen in all of Theia.",
		
		"declaringWar": "Your lands will soon be mine, prepare for war!",
		"attacked": "Have you declared war on us? This was a huge mistake on your part, prepare to be destroyed.",
		"defeated": "Imperium has fallen. But Imperiumism, lives in you.",
		"introduction": "Greetings, I am Certanium. Emperor of Imperium. Gaze in awe on the majesty that is our great civilization.",
		
		"neutralHello": "what do you need?",
		"hateHello": "you...",
		"tradeRequest": "accecpt this offer.",
		"outerColor": [189,69,72],
		"innerColor": [255,255,0],
		"favoredReligion": "The Church of Certanium",
		"uniqueName": "Imperiumism",
		"uniques": ["Receive free [Catapult] when you discover [Pottery]", "Receive free [Archer] when you discover [Pottery]", "Receive free [Warrior] when you discover [Pottery]", "All newly-trained [non-air] units [in all cities] receive the [State Lies] promotion", "[+15]% combat bonus for [Non-City] units fighting in [Foreign Land]", "[+10]% Strength <for [All] units> <when attacking> <vs cities>", "Each city founded increases culture cost of policies [100]% less than normal", "Gain a free [State Propoganda] [in all cities]"],
		"cities": ["Imperium","Vinovia","Melta","Clausentium","Curia","Susasa","Clupea","Ad Flexium","Onuba","Sarius","Metium","Sileium","Quidium","Gidia","Cantium","Arpina","Poltam","Cantium","Aripina","Emessa","Etuggus","Sussus","Amogus","Kirovohrad","Chernivtsi","Khmelnytskyi","Rivne","Ivano-Frankivsk","michaelsenpai","cwiskun","adamchan","baka","toomany","Melito","Citius","uhhhhhh","Bellunim","Draconia","Portanium","SussyBaka"],
	},
	{
		"name": "Sapphire City",
		"leaderName": "Theodosis The Magnificent",
		"adjective": ["Sapphirian"],
		"startBias": ["Grassland","Plains"],
		"preferredVictoryType": "Scientific",
		
		"startIntroPart1": ".",
		"startIntroPart2": "Theodosis I, Mother of the Sapphire City, lift the world within your kind arms. Protect all within your lands, and those not in your land. Show the world, a United people can forever stand the test of time.",
		"declaringWar": "I am deeply sorry. Just know, I will make your punishment swift.",
		"attacked": "I thought you were better!",
		"defeated": "I thought that you were better than them. It seems I was wrong. Because of your determination to conquer, you've grown horrid, and strong.",
		"introduction": "Greetings. I am Theodosis I, Queen Mother of the Sapphire City, please, be kind.",
		"neutralHello": "greetings.",
		"hateHello": "say what you must. be on your way!",
		"tradeRequest": "Let's unite our nations through peace, trade, and cooperation!",
		"outerColor": [ 51,103,153],
		"innerColor": [248,223,97],
		"favoredReligion": "The Reformed Church of Belisarius",
		"uniqueName": "Parsley, Sage, Rosemary and Tyme",
		"uniques": ["[+1 Science] from every specialist [in all cities]", "[+2 Food] from every specialist [in all cities]", "[Great Scientist] is earned [33]% faster", "When declaring [friendship], both parties gain a [+10]% boost to [great person generation]", "[+50]% [Science] [in capital]", "[+25]% [Science] [in all cities connected to capital]"],
		"cities": ["Sapphire City","Theodosiana","Sapphiriana","Quartz Town","Oxhey","Northwick","Redmoor","Oxhaven","Langthwaite","Readpool",
			"Market Southford","Kirington","Oxmere","Northhall","Whitepool","Hardon","Bridge","Merw","Balkh","Mosul",
			"Aydab","Bayt","Suhar","Taif","Hama","Tabuk","Sana'a","Shihr","Tripoli","Tunis","Kairouan","Algiers","Oran"]
	},
	{
		"name": "Pedras",
		"leaderName": "Pedrina",
		"adjective": ["Pedrian"],
		"startBias": ["Plains"],
		"preferredVictoryType": "Domination",
	
		"startIntroPart1": ".",
		"startIntroPart2": "You could have followed the whims of your colleagues, Empress Pedrina, but instead you chose to become the Liberator. Hardships never dissuaded you, so hold fast to your ideals and lead your republic into a new age of prosperity.",
		"declaringWar": "Sorry, not sorry. your cities would just look better if they were purple.",
		"attacked": "Ha! I've been waiting for this one! turn it up!.",
		"defeated": "Wrong! You sithing monster! I hope you burn for this!",
		"introduction": "Spariuk Pedrina! I'm the Empress of Pedras, who might you be?",
		"neutralHello": "Spariuk!",
		"hateHello": "What do you need?!",
		"tradeRequest": "Thoughts?",
		"outerColor": [ 86, 26, 147],
		"innerColor": [103,103,103],
		"favoredReligion": "Followers of the Crown",
		"uniqueName": "Pedrian Culture and Battle Commands",
		"uniques": ["[+1 Culture] from every [Monument]", "[+1 Happiness] from every [Monument]", "[+1 Culture] from every [Horses]", "[+1 Culture] from every [Iron]", "[+1 Culture] from every [Aluminum]", "[+1 Culture] from every [Coal]", "[+1 Culture] from every [Oil]", "[+1 Culture] from every [Uranium]", "[+1] Movement <for [{Military} {Water}] units>", "[+1] Movement <for [{Military} {Land}] units>", "[+1] Movement <for [{Civilian} {Water}] units>", "[+1] Movement <for [{Civilian} {Land}] units>"],
		"cities": ["Pedras","Hetzwigg","Novgorod","Rostov","Yaroslavl","Yekaterinburg","Yakutsk","Vladivostok","Smolensk","Orenburg",
			"Krasnoyarsk","Khabarovsk","Bryansk","Tver","Novosibirsk","Magadan","Murmansk","Irkutsk","Chita","Samara",
			"Arkhangelsk","Chelyabinsk","Tobolsk","Vologda","Omsk","Astrakhan","Kursk","Saratov","Tula","Vladimir","Perm",
			"Voronezh","Pskov","Starayarussa","Kostoma","Nizhniy Novgorod","Suzdal","Magnitogorsk"]
	},
	{
		"name": "Animus",
		"leaderName": "Justinianus II",
		"adjective": ["Animum"],
		"startBias": ["Plains"],
		"preferredVictoryType": "Domination",
		
		"startIntroPart1": ".",
		"startIntroPart2": "You chose the ways of battle, Justinianus II, Concordon of Animus. Be prepared to reunite Animus back to the empire she was before. Fear not for the city of Animus, as your great walls will protect it, Continue to look forward, and charge into battle.",
		"declaringWar": "I wanted to avoid this, but your idea of peace leaves me no choice!",
		"attacked": "Ha! We will never surrender.",
		"defeated": "Everything I have done, I did for the nation of Animus. I remain a patriot to the very end.",
		"introduction": "Greetings! I am Justinianus II of Animus! King of kings! Who may you be?",
		"neutralHello": "I salute you!",
		"hateHello": "...",
		"tradeRequest": "how does this work for you?",
		"outerColor": [255,139,0],
		"innerColor": [255,249,227],
		"favoredReligion": "The Reformed Church of Belisarius",
		"uniqueName": "Certanium's Influence",
		"uniques": ["[+1 Production] from every [Horses]", "[+1 Production] from every [Iron]", "[+1 Production] from every [Aluminum]", "[+1 Food] from every [Horses]", "[+1 Science] from every [Iron]", "[+1 Culture] from every [Aluminum]", "[+1 Happiness] from every [Coal]", "[+1 Gold] from every [Oil]", "[+1 Production] from every [Uranium]", "[+20]% combat bonus for units fighting in [Foreign Land]"],
		"cities": ["Animus","St. Filipe","Seville","Cordoba","Toledo","Santiago","Salamanca","Murcia","Valencia","Zaragoza","Pamplona",
			"Vitoria","Santander","Oviedo","Jaen","Logroño","Valladolid","Palma","Teruel","Almeria","Leon","Zamora","Mida",
			"Lugo","Alicante","Càdiz","Eiche","Alcorcon","Burgos","Vigo","Badajoz","La Coruña","Guadalquivir","Bilbao",
			"San Sebastian","Granada","Mérida","Huelva","Ibiza","Las Palmas","Tenerife"]
	},
	{
		"name": "Veja",
		"leaderName": "Madelyjn",
		"adjective": ["Vejan"],
		"startBias": ["Coast"],
//		"preferredVictoryType": "Cultural",

		"startIntroPart1": ".",
		"startIntroPart2": "Your Majesty the Queen Madelyjn of Veja, extend your reach beyond your borders and across the face of the globe. Worry not over the possibility of defeat for your overwhelming navy will surely carry the day. With your calm and steady touch you can bring all lands under Veja's sway, establishing a true Pax Vejanium.",
		"declaringWar": "Though war is not desirable, it is a necisary evil. Lay down and die please.",
		"attacked": "You call yourself an exalted ruler, but I see nothing more than a smartly dressed barbarian!",
		"defeated": "My nation has fallen, but I'll always be around. Regardless of if you want me to or not.",
		"introduction": "I am by the grace of the Gods, Queen Madelyjn of Veja! Welcome to the Vejan Empire!",
		"neutralHello": "Once again, greetings.",
		"hateHello": "What do you want?",
		"tradeRequest": "I believe I have something that may be of some importance to you.",
		"outerColor": [140,36,90],
		"innerColor": [241,241,72],
		"favoredReligion": "The Reformed Church of Belisarius",
		"uniqueName": "I'm Still Standing!",
		"uniques": ["[+100]% yield from every [Fishing Boats]", "[+50]% yield from every [Plantation]", "[+2 Culture] from every [Luxury resource]", "[+100]% yield from every [Luxury resource]", "[+2 Culture] from every [Landmark]", "[+2 Culture] from every [Customs house]", "+1 Sight when embarked","Units pay only 1 movement point to embark and disembark", "[+2] Movement <for [{Civilian} {Water}] units>", "[+2] Movement <for [{Civilian} {Land}] units>"],
		"cities": ["Veja","Referad","Utrecht","Groningen","Breda","Nijimegen","Den Haag","Haarlem","Arnhem","Zutphen",
			"Maastricht","Tilburg","Eindhoven","Dordrecht","Leiden","Hertogenbosch","Almere","Alkmaar","Brielle","Vlissingen",
			"Apeldoorn","Nova Enschede","Sao Bernardo do Amersfoort","Zwolle","Venlo","Uden","Grave","Delft","Gouda","Nieuwstadt",
			"Weesp","Coevorden","Kerkrade"]			
	},
	{
		"name": "Pre Colonial Veja",
		"leaderName": "Referah",
		"adjective": ["Vejan"],
		"startBias": ["Coast"],
//		"preferredVictoryType": "Domination",

		"startIntroPart1": ".",
		"startIntroPart2": "With your calm and steady touch you can bring all lands under Veja's sway, establishing a true Pax Vejanium.",
		"declaringWar": "By the grace of the gods your days are numbered.",
		"attacked": "We will never surrender.",
		"defeated": "Sigh, you have beaten us. The day is yours.",
		"introduction": "We are pleased to meet you.",
		"neutralHello": "Who are you again?",
		"hateHello": "Here! Have some cake, ignore the almond smell.",
		"tradeRequest": "Would you like a trade agreement with Veja?",
		"outerColor": [77, 12, 62],
		"innerColor": [241,241,72],
		"favoredReligion": "The Reformed Church of Belisarius",
		"uniqueName": "The Distant Horizon",
		"uniques": ["[Vejan Landship] units gain the [Queen Regnant] promotion", "[+33]% [Production] from every [Seaport]", "[+33]% [Production] from every [Harbor]", "[+33]% [Production] from every [Lighthouse]", "[+100]% yield from every [Fishing Boats]", "[+50]% yield from every [Plantation]", "[non-air] units gain the [Amphibious] promotion", "[1] Movement point cost to disembark <for [All] units>",
			"Defense bonus when embarked <for [All] units>",],
		"cities": ["Veja","Referad","Utrecht","Groningen","Breda","Nijimegen","Den Haag","Haarlem","Arnhem","Zutphen",
			"Maastricht","Tilburg","Eindhoven","Dordrecht","Leiden","Hertogenbosch","Almere","Alkmaar","Brielle","Vlissingen",
			"Apeldoorn","Nova Enschede","Sao Bernardo do Amersfoort","Zwolle","Venlo","Uden","Grave","Delft","Gouda","Nieuwstadt",
			"Weesp","Coevorden","Kerkrade"]			
	},
	{
		"name": "Solm",
		"leaderName": "Queen Putah",
		"adjective": ["Solmi"],
		"startBias": ["Desert"],
		"preferredVictoryType": "Cultural",
		
		"startIntroPart1": ".",
		"startIntroPart2": "Putah, great queen of Solm, you are blessed with wealth beyond comprehension, yet you remain uncorrupted. Raise your eyes from the marketplace to the heavens and satisfy your heart's great yearning for peace. Protect the prosperity of your people, and history will write your name in golden letters.",
		
		"declaringWar": "Your nation will be blown away in the desert sands!",
		"attacked": "ha! Solm will never fall!",
		"defeated": "Fine. The desert will be worthless to you anyway.",
		"introduction": "Greetings, I am Queen Putah. Builder, and lover of High Priestes Thamar.",
		
		"neutralHello": "Good day.",
		"hateHello": "Oh, it's you.",

		"tradeRequest": "Generous Solm makes you this offer.",
		
		"outerColor": [ 212, 214, 141],
		"innerColor": [77, 12, 62],
		"favoredReligion": "Eliolism",
		"uniqueName": "Ruby of the Desert",
		"uniques": ["May buy [Wonders] buildings with [Gold] for [1] times their normal Production cost", "[+25]% [Gold] [in all cities]", "[-15]% [Production] [in all cities]", "-[50]% Gold cost of acquiring tiles [in all cities]", "[-30]% Production when constructing [Buildings] [in all cities]","[-30]% Production when constructing [Military] units [in all cities]", "[-1 Production, +4 Gold] from every [Mine]"],
		"cities": ["Solm","Solm Mining CO HQ","Heliopolis","Elephantine","Alexandria","Pi-Thamar","Giza","Byblos","Akhetaten",
			   "Hieraconpolis","Abydos","Asyut","Avaris","Lisht","Buto","Edfu","Pithom","Busiris","Kahun","Athribis",
			   "Mendes","Elashmunein","Tanis","Bubastis","Oryx","Sebennytus","Akhmin","Karnak","Luxor","El Kab","Armant",
			   "Balat","Ellahun","Hawara","Dashur","Damanhur","Ellahun","Abusir","Ellahun","Herakleopolis","Akoris",
			   "Benihasan","Badari","Hermopolis","Amrah","Koptos","Ombos","Naqada","Semna","Soleb"]
	},
	{
		"name": "Den'Ja",
		"leaderName": "Senquioshi",
		"adjective": ["De'Jan"],
		"startBias": ["Forest", "Grassland"],
		"preferredVictoryType": "Scientific",
		
		"startIntroPart1": ".",
		"startIntroPart2": "Wise Senquioshi, first to hold the name, the people of Den'Ja admire your dedication to their well-being. Your command of the land's fresh waters lets you feed your hungry people, just as it brings you ever closer to Heaven. Go forth, divine ruler! Build an empire that approaches perfection—and may your enemies find their end beneath your mighty rangers.",
		"declaringWar": "You are a plague upon Mother Theia! Prepare for battle!",
		"attacked": "You evil creature! My braves will slaughter you!",
		"defeated": "You have defeated us... but our spirits will never be vanquished! We shall return!",
		"introduction": "Greetings, stranger. I am Senquioshi, speaker for Den'ja. We seek peace with all, but we do not shrink from war.",
		"neutralHello": "Good day.",
		"hateHello": "Oh, it's you.",
		"tradeRequest": "Does this trade work for you, my friend?",
		"outerColor": [172,250,53],
		"innerColor": [20,21,19],
		"uniqueName": "Druidic Healing",
		"favoredReligion": "Druidism",
		"uniques": ["All units move through Forest and Jungle Tiles in friendly territory as if they have roads.", "[+1 Science] from every [Forest]", "[+1 Culture] from every [Jungle]", "[non-air] units gain the [Woodsman] promotion"],
		"cities": ["Den'Ja","Osininka","Grand River","Akwesasme","Buffalo Creek","Brantford","Montreal","Genesse River",
			"Canandaigua Lake","Lake Simcoe","Salamanca","Gowanda","Cuba","Akron","Kanesatake","Ganienkeh","Cayuga Castle",
			"Chondote","Canajoharie","Nedrow","Oneida Lake","Kanonwalohale","Green Bay","Southwold","Mohawk Valley",
			"Schoharie","Bay of Quinte","Kanawale","Kanatsiokareke","Tyendinaga","Hahta"]
	},
	{
		"name": "Swarum",
		"leaderName": "Marie",
		"adjective": ["Swarish"],
		"startBias": ["Plains"],
		"preferredVictoryType": "Cultural",
		
		"startIntroPart1": ".",
		"startIntroPart2": "Pious Marie, praise be to the glory of God, Theia, and Swarum! Most holy Queen, you will show your people the truth and the light, and they will move beyond to spread the word to others. Protected by great battalions of knights, you will rise to meet any challenge you face with a devout grace unmatched by any other.",
		"declaringWar": "You're disturbing us, prepare for war.",
		"attacked": "You've fallen into my trap. I'll bury you.",
		"defeated": "I congratulate you for your victory.",
		"introduction": "I am Marie, queen of Swarum.",
		"neutralHello": "Hello.",
		"hateHello": "It's you.",
		"tradeRequest": "Swarum offers you this exceptional proposition.",
		"outerColor": [16, 41, 21],
		"innerColor": [18,199,236],
		"favoredReligion": "The Church of Belisarius",
		"uniqueName": "Patron of Magic",
		"uniques": ["[Great Prophet] units gain the [Pious] promotion", "[Missionary] units gain the [Pious] promotion", "[+1 Faith] from every [Monument]", "[+34]% Natural religion spread [in all cities]", "[+2 Faith, +2 Culture] from every specialist [in all cities]", "[+2 Faith] from every [Great Improvement]", "[+3 Culture, +1 Happiness] from every [Temple]", "May buy [Buildings] buildings with [Faith] for [1] times their normal Production cost", "May buy [Wonders] buildings with [Faith] for [1] times their normal Production cost"],
		"cities": ["Swarum","Xans","Lyon","Troyes","Tours","Marseille","Chartres","Avignon","Rouen","Grenoble",
			"Dijon","Amiens","Cherbourg","Poitiers","Toulouse","Bayonne","Strasbourg","Brest","Bordeaux","Rennes",
			"Nice","Saint Etienne","Nantes","Reims","Le Mans","Montpellier","Limoges","Nancy","Lille","Caen","Toulon",
			"Le Havre","Lourdes","Cannes","Aix-En-Provence","La Rochelle","Bourges","Calais"]
	},
	{
		"name": "Blue Draconia",
		"leaderName": "Buhura",
		"adjective": ["Draconian"],
		"startBias": ["Jungle"],
		"preferredVictoryType": "Scientific",
		
		"startIntroPart1": ".",
		"startIntroPart2": "Lady Buhura, great warrior mother of Lapiz and Ulsan, lead your people into a new dynasty. Let your reach grow long so you may conquer your enemies near and far. The Gods will guide you, and you will in turn guide your loyal citizens to victory.",
		"declaringWar": "Your wanton aggression leaves us no choice. Prepare for war!",
		"attacked": "You have mistaken our love of peace for weakness. You shall regret this!",
		"defeated": "The day...is yours. I hope you will be merciful in your triumph.",
		"introduction": "The people of Draconia welcome you.",
		"neutralHello": "Good day.",
		"hateHello": "Well?",
		"tradeRequest": "Is the following trade of interest to you?",
		"outerColor": [ 73,70,89],
		"innerColor": [239,185,62],
		"favoredReligion": "Order of the Dragons",
		"uniqueName": "The Long Wait",
		"uniques": ["Gain a free [Mjuam] [in capital]", "[+20]% [Science] from every [Palace]", "Gain a free [Library] [in cities following this religion]"],
		"cities": ["Draconia","Lapiz","Jeonju","Daegu","Pyongyang","Kaesong","Suwon","Gwangju","Gangneung","Hamhung","Wonju","Ulsan",
			"Changwon","Andong","Gongju","Haeju","Cheongju","Mokpo","Dongducheon","Geoje","Suncheon","Jinju","Sangju",
			"Rason","Gyeongju","Chungju","Sacheon","Gimje","Anju"]
	},
	{
		"name": "Jupite",
		"leaderName": "Justinianus I",
		"adjective": ["Jupitean"],
		"startBias": ["Grassland", "Plains", "Avoid [Tundra]", "Avoid [Forest]", "Avoid [Jungle]"],
//		"preferredVictoryType":"Dominations",
		
		"startIntroPart1": "Great warlord, Justinianus, beneath your sword shall Jupitoir spread throughout the world. Every kingdom shall be a unique challenge to overcome, but the rewards will be great if you remain true and brave. Turn away from peace, for there is no way to establish your legacy but from conquering vast lands. Charge, Justinianus, and lead your people to glory!",
		"startIntroPart2": "Your mastery of the spoken word is a gift of great value, silver-tongued Nelius, leader of Jupitoir. Through it you can attract the devotion of a league of states, surrounding yourself with their glory. Establish cultural sites along the rocky shores of Jupitoir to unite your people behind your strong governance. If all goes well the Sirens will sing of the Age of Nelius!",
		
		"declaringWar": "Your nation must be added to my empire! We will rule your people better than you ever could!",
		"attacked": "As a matter of fact I too grow weary of peace.",
		"defeated": "You have somehow become my undoing! What kind of beast are you?",
		"introduction": "Hello stranger! We are Justinianus and Nelius, master general and statesmen of Jupite!",
		
		"neutralHello": "Greetings!",
		"hateHello": "What?",
		
		"tradeRequest": "My friend, does this seem reasonable to you?",
				
		"outerColor": [19, 73, 105],
		"innerColor": [240, 201, 5],
		"favoredReligion": "The Church of Justinianus",
		"uniqueName": "Jupitean Conquest",
		"uniques": ["[+1 Gold] from every [Horses]","[+1 Production] from every [Horses]","[+1 Gold] from every [Iron]","[+1 Production] from every [Iron]", "Great General provides double combat bonus", "[Great General] is earned [50]% faster", "[non-air] units gain the [Belisarius' Command] promotion"],
		"cities": ["Jupite","Templia","Corinth","Argos","Knossos","Mycenae","Pharsalos","Ephesus","Halicarnassus","Rhodes",
			"Eretria","Pergamon","Miletos","Megara","Phocaea","Sicyon","Tiryns","Samos","Mytilene","Chios",
			"Paros","Elis","Syracuse","Herakleia","Gortyn","Chalkis","Pylos","Pella","Naxos","Sicyon",
			"Larissa","Apollonia","Messene","Orchomenos","Ambracia","Kos","Knidos","Amphipolis",
			"Patras","Lamia","Nafplion","Apolyton"]
	},
	{
		"name": "Red Draconia",
		"leaderName": "General Kyoki",
		"adjective": ["Vietnamese"],
		"startBias": ["Jungle","Coast"],
		"preferredVictoryType": "Domination",
		
		"startIntroPart1": ".",
		"startIntroPart2": "Clever Kyoki, general of Red Draconia, your soldiers shall win you an empire. The Con Ngua warriors at your command outflank and outfight all who oppose them. The unyielding Draconian armies will prove your strength lies in numbers. You need not war with every neighbor—but let them think you might.",
		
		"declaringWar": "We have tolerated you way longer than we should!",
		"attacked": "It was the biggest mistake of yours so far. My armies are well equipped and thoroughly trained!",
		"defeated":  "That's not an end. It's merely a beginning of your problems!",
		"introduction":  "You stand in the presence of Great General Kyoki of Red Draconia. Behave accordingly and you SHOULD be fine.",
		
		"neutralHello": "Greetings.",
		"neutralLetsHearIt": ["Yes.","Let's discuss."],
		"neutralNo": ["No way.","Never!"],
		"neutralYes": ["Very good.","Of course, yes.","I accept."],
		"hateHello": "Go on!",
		"hateLetsHearIt": ["Speak!"],
		"hateNo": ["I can't accept!","You need to try harder."],
		"hateYes": ["Let it be.","This offer is too good to reject."],
		
		"afterPeace": "I am glad the war is finally over.",
		"tradeRequest": "What do you think?",

		"outerColor": [92, 19, 6],
		"innerColor": [227, 192, 39],
		"favoredReligion": "Creed of Helm",
		"uniqueName": "The Draconic Path",
		"uniques": ["Units fight as though they were at full strength even when damaged", "[+1 Happiness] from every [Barracks]","New [mounted] units start with [15] Experience", "[+1] Movement for all [Mounted] units", "[+5 Production] from every [City ruins]", "[+5 Food] from every [City ruins]"],
		"cities": ["Fort Mu","Hua Xang","Hai Phong","Bien Hoa","Co Loa","Than Hoa","Da Nang","Nhang Hong","Hoi An",
			"Hue","Phong Chau","Phu Xuan","Long Bien","Qui Nhon","Rach Gia","Dong Hoi","Vung Tau","Ha Long","Long Xuyen",
			"My Tho","Cam Pha","Bac Lieu","Hai Duong","Thai Binh","Soc Trang","Lao Cai","Sa Dec","Vinh Long"]
	},
	{
		"name": "Green Draconia",
		"leaderName": "Culturală V",
		"adjective": ["Green Draconian"],
		"startBias": ["Jungle"],
		"preferredVictoryType": "Cultural",
		
		"startIntroPart1": ".",
		"startIntroPart2": "Mother Theia has many gifts for you, King Culturală V. Your people know the dense woods and rainforests as their homes, and glide through them with ease. Great also are the gifts that come from travelers of distant lands. Keep an open mind, for the inspiration of the open world will let our people create art with power and majesty.",
		
		"declaringWar": "I will show you the entire might of the Draconian people!",
		"attacked": "I think you will regret this decission quite soon.",
		"defeated":  "You are too late! I have completed my destiny and nothing can take the eternal glory from me, not even death!",
		"introduction":  "You look upon the King of Draconia, Emperor of Green Draconia, rightful Ruler of the World and Master of the Universe. Also the most humble man to ever walk on Theia!",
		
		"neutralHello": "Hail.",
		"hateHello": "Don't waste much of my time!",
		
		"afterPeace": "I think we should forget about this misunderstanding.",
		"tradeRequest": "What about this?",

		"outerColor": [54, 61, 48],
		"innerColor": [	255, 255, 255],
		"favoredReligion": "Guidance of the Stars",
		"uniqueName": "Culturial Heritage",
		"uniques": ["[+200]% [Culture] from every [Museum]"],
		"cities": ["Nonschu","Hariharalaya","Singhapura","Lavo","Bhavapura","Vyadhapura","Dviradapura","Rajavihara","Mahendraparvata",
			"Chaiya","Wiang Chan","U Thong","Phetchaburi","Nagara Jayasri","Banteay Kdei","Chok Gargyar","Preah Vihear","Chalieng",
			"Krong Chaktomuk","Pre Rup","Prasat Bakan","Phanom Rung","Isanapura","Shrestapura","Angkor Borei","Lovei","Udong","Aninditapura"]
	},
	{
		"name": "Xans",
		"leaderName": "Henri",
		"adjective": ["Xanish"],
		"startBias": ["Plains"],
		"preferredVictoryType": "Domination",
		
		"startIntroPart1": ".",
		"startIntroPart2": "All Swarum stands ready to answer your prayers, devout King Henri. From your palace at Xans you can send forth your followers: missionaries, apostles, and Scarlet Battalions ready to strike out across the lands to spread the good word about your most holy empire. May the treasures they uncover fuel your quest to unite the world under one faith and one empire, making you truly the Most Pious king.",
		"declaringWar": "That's it! You have betrayed our religion for too long!",
		"attacked": "The people of Swarum will never surrender!",
		"defeated": "It truly does show your patience that you would wait for an old man's death.",
		"introduction": "I am heaven re-encarnated! Henri. King of Swarum, Xans, Animus and Solm. Greetings.",
		"neutralHello": "Greetings friend.",
		"hateHello": "Why have you interupted my prayers?",
		"tradeRequest": "Xans offers you this exceptional proposition.",
		"outerColor": [ 8, 85, 23],
		"innerColor": [92, 10, 10],
		"favoredReligion": "The Church of Belisarius",
		"uniqueName": "Unified Religion",
		"uniques": ["[Great Prophet] units gain the [Le Roi Henri] promotion", "[Missionary] units gain the [Le Roi Henri] promotion", "[+1 Faith] from every [Monument]", "[+34]% Natural religion spread [in all cities]", "May buy [{Military} {Land}] units with [Faith] for [1] times their normal Production cost", "+10% Strength for all units during Golden Age", "[non-air] units gain the [Henri's Grand Quest] promotion"],
		"cities": ["Xans","Swarum","Lyon","Troyes","Tours","Marseille","Chartres","Avignon","Rouen","Grenoble",
			"Dijon","Amiens","Cherbourg","Poitiers","Toulouse","Bayonne","Strasbourg","Brest","Bordeaux","Rennes",
			"Nice","Saint Etienne","Nantes","Reims","Le Mans","Montpellier","Limoges","Nancy","Lille","Caen","Toulon",
			"Le Havre","Lourdes","Cannes","Aix-En-Provence","La Rochelle","Bourges","Calais"]
	},
	{
		"name": "People's Republic of Solm",
		"leaderName": "Juan Amal",
		"adjective": ["Prolitariant State"],
		"startBias": ["Desert"],
		"preferredVictoryType": "Scientific",
		
		"startIntroPart1": ".",
		"startIntroPart2": "The days of meek Emperors are over, Juan Amal, and your people yearn for a place amongst the great powers. Lead the People's Republic of Solm into this future. Convert her wasted lands into bastions of industry and science, pushing her armies to their limits. Then, the might of the People's Republic of Solm will be unstoppable.",
		
		"declaringWar": "Your nation will be blown away in the desert sands!",
		"attacked": "The prolitariant will defend from your bourguasie armies!",
		"defeated": "The prolitariant will rise against you! Prepare to see your nation fall apart!",
		"introduction": "Comrade! Welcome to the People's Republic of Solm! I'm Juan Amal!",
		
		"neutralHello": "Hello Comrade!",
		"hateHello": "You hurt our global movement!",

		"tradeRequest": "The People of Solm make you this offer.",
		
		"outerColor": [214, 186, 141],
		"innerColor": [252, 25, 13],
		"favoredReligion": "The Church of Nelius",
		"uniqueName": "Prolitariant State",
		"uniques": ["[+2 Science] from every [Great Improvement]", "[+2 Production] from every [Great Improvement]", "[+2 Food] from every [Great Improvement]", "[+5]% [Science] [in all cities]", "[+5]% [Production] [in all cities]", "[+20]% combat bonus for units fighting in [Friendly Land]"],
		"cities": ["Solm","Solm Mining CO Ruins","Heliopolis","Elephantine","Alexandria","Pi-Thamar","Giza","Byblos","Akhetaten",
			   "Hieraconpolis","Abydos","Asyut","Avaris","Lisht","Buto","Edfu","Pithom","Busiris","Kahun","Athribis",
			   "Mendes","Elashmunein","Tanis","Bubastis","Oryx","Sebennytus","Akhmin","Karnak","Luxor","El Kab","Armant",
			   "Balat","Ellahun","Hawara","Dashur","Damanhur","Ellahun","Abusir","Ellahun","Herakleopolis","Akoris",
			   "Benihasan","Badari","Hermopolis","Amrah","Koptos","Ombos","Naqada","Semna","Soleb"]
	},
	{
		"name": "Greyskull",
		"leaderName": "Lavendoir II",
		"adjective": ["Greyskullian"],
		"preferredVictoryType": "Cultural",

		"startIntroPart1": ".",
		"startIntroPart2": "It falls to you, Lavendoir II, to use your gifts of knowledge and of the arts to unite your people. Steer carefully through these troubled times, Queen Mother of Greyskull. You will build great wonders, drawing visitors from all corners of the earth. With your keen awareness of all things, both those seen and those hidden in the shadows, your empire will certainly stand the test of time.",
		
		"declaringWar": "I-i don't want to go to war. but i must.",
		"attacked": "AH! PLEASE, HAVE MERCY!",
		"defeated": "ugh... everything i loved has fallen apart...",
		"introduction": "h-h-hi! I'm Lavendoir II of Greyskull, who are you?",
		"neutralHello": "h-hello!",
		"hateHello": "p-please leave...",
		"tradeRequest": "ummm, does this work?",
		"outerColor": [166, 56, 129],
		"innerColor": [63, 42, 64],
		"favoredReligion": "The Reformed Church of Belisarius",
		"uniqueName": "Lavindoiran Culture",
		"uniques": ["[+25]% Production when constructing [All] wonders [in all cities]", "[+3 Production] from every Wonder", "[+3 Culture] from every Wonder", "[+3 Science] from every Wonder"],
		"cities": ["Greyskull","Bibrax","Noviodunum","Samarobriva","Durocorteron","Raturnacos","Tervanna","Bagacum","Divodorum","Alesia","Avaricum",
			"Lisieux","Lutetia","Lugudunon","Cenabum","Meledunum","Turones","Autricum","Bibracte","Darioritum","Uxellodunum","Gergovia",
			"Vesontio","Brenodurum","Crociatonum","Agedincum","Limonum","Adematunnum","Condate","Aregenua","Anicium","Ruscino"]
	},
	{
		"name": "Modern Animus",
		"leaderName": "Walter",
		"adjective": ["Modern Animum"],
		"startBias": ["Plains"],
		"preferredVictoryType": "Domination",
		
		"startIntroPart1": ".",
		"startIntroPart2": "Claim the crown, Walter, King of Animus, for you are the anointed one. With loyal soldiers, and an unwavering faith, you will conquer and rule the peoples of the world. You may see many alliances forming around you, but do not be fooled - such is an antiquated and weak way of navigating the world. Make no promise unless it aids you in achieving your goals.",
		"declaringWar": "I regret to inform you that your days of leading your nation are now numbered, prepare to see your nation be reduced to nothing but ashes and rubble!",
		"attacked": "War? I didn't know you were that eager to see your countrymen get ripped apart, limb from limb, from our blades and powder!",
		"defeated": "You may have bested our Animus steel on the battlefield, but you shall never defeat the Animus heart of our people!",
		"introduction": "Greetings! I hope that both of our kingdoms will grow to become prosperous civilizations together!",
		"neutralHello": "Welcome, what is it that you seek from the Kingdom of Animus?",
		"hateHello": "You must have a damn good reason for standing before me, speak wisely! Or else I'll hack you apart with my blade!",
		"tradeRequest": "I believe that this exchange of goods between our two kingdoms will benefit the both of us for the years to come.",
		"outerColor": [219, 101, 33],
		"innerColor": [0, 0, 0],
		"favoredReligion": "The Reformed Church of Belisarius",
		"uniqueName": "Walterian Reforms",
		"uniques": ["[+1 Food] from every [Mine]", "[+1 Production] from every [Farm]", "[+1 Production] from every [Trading post]", "[+1 Food] from every [Quarry]", "[+1 Production] from every [Plantation]", "[+1 Food] from every [Pasture]", "[+1 Production] from every [Camp]", "[+1 Production] from every [Railroad]", "[+1] Movement for all [Siege] units", "[+1] Movement for all [Ranged] units"],
		"cities": ["Animus","St. Filipe","Seville","Cordoba","Toledo","Santiago","Salamanca","Murcia","Valencia","Zaragoza","Pamplona",
			"Vitoria","Santander","Oviedo","Jaen","Logroño","Valladolid","Palma","Teruel","Almeria","Leon","Zamora","Mida",
			"Lugo","Alicante","Càdiz","Eiche","Alcorcon","Burgos","Vigo","Badajoz","La Coruña","Guadalquivir","Bilbao",
			"San Sebastian","Granada","Mérida","Huelva","Ibiza","Las Palmas","Tenerife"]
	},
	{
		"name": "Theokhsruian Empire",
		"leaderName": "Khusrh",
		"adjective": ["Theokhsruian"],
		"startBias": ["Coast"],
		"preferredVictoryType": "Scientific",
		
		"startIntroPart1": ".",
		"startIntroPart2": "King Khusrh, father of the Theokhsruian Empire, all your life you faced great threats and overcame them through wit and cunning. Wherever waves break on the shore, there your cities shall rise. The seas are your roads, the far horizon is your destiny and your refuge.",
		
		"declaringWar": "My friend, I will not entertain the false idea of peace any longer. I'm deeply sorry.",
		"attacked": "So, you show your true nature, a snake in the grass, easly trampled!",
		"defeated": "It's far too early for me to fall... prepare for me to return.",
		"introduction": "Hello friend! I am Khusrh! King of the Theokhsruian Empire! Who are you?",
		
		"neutralHello": "Hello my friend!",
		"hateHello": "You again! What did you want?",
		"tradeRequest": "Well, how is my proposal to you?",
		"outerColor": [0,0,143],
		"innerColor": [255,255,0],
		"favoredReligion": "The Church of Nelius",
		"uniqueName": "He's brilliant as he's handsome, and handsome as he's kind, She's beautiful and wise.",
		"uniques": ["Gain a free [Workshop] [in all cities]", "Gain a free [Market] [in all cities]", "Gain a free [Library] [in all cities]", "[+25]% Production when constructing [Ranged] units [in all cities]", "Earn [100]% of [military] opponent's [Cost] as [Science] for kills", "[+2 Science] from every [Market]", "[+4 Gold] from every [Workshop]", "[+2 Production] from every [Library]"],
		"cities": ["Theokhusria","Kharkiv","Dnipropetrovsk","Odesa","Donetsk","Zaporizhia","Lviv","Kryvyi Rih","Mykolaiv","Mariupol","Luhansk","Makiivka","Simferopol","Vinnytsia","Sevastopol","Kherson","Poltava","Chernihiv","Cherkasy","Sumy","Horlivka","Zhytomyr","Dniprodzerzhynsk","Kirovohrad","Chernivtsi","Khmelnytskyi","Rivne","Ivano-Frankivsk","Ternopil","Kremenchuk","Lutsk","Bila Tserkva","Kramatorsk","Melitopol","Kerch","Nikopol","Lysychansk","Berdyansk","Pavlohrad","Sloviansk"],
	},
	{
		"name": "Capidotian's Theokhsruian Empire",
		"leaderName": "Capidotian",
		"adjective": ["CTheokhsruian"],
		"startBias": ["Coast"],
		"preferredVictoryType": "Domination",
		
		"startIntroPart1": ".",
		"startIntroPart2": "Capidotian, great King and Emperor, you have a vision for your people. You will build both friendships and factories, alliances and railways, and use your wits and your wisdom to bring your empire into a bright and free future.",
		
		"declaringWar": "Your actions insult the people of my empire, and for that you must pay a heavy price.",
		"attacked": "Do you not know that the Lion has always conquered? Well, you will learn soon enough.",
		"defeated": "Do you think Nelius abandoned my empire? Do you think his favor rests on you? Do not gloat in your victory today.",
		"introduction": "Hello friend! I am Capidotian! King of the Theokhsruian Empire! Who are you?",
		
		"neutralHello": "Hello my friend!",
		"hateHello": "You again! What did you want?",
		"tradeRequest": "Well, how is my proposal to you?",
		"outerColor": [0,0,143],
		"innerColor": [201,201,201],
		"favoredReligion": "The Church of Nelius",
		"uniqueName": "Theodosis' Son",
		"uniques": ["Gain a free [Nice Buildings] [in capital]", "Gain a free [Nice Money] [in capital]", "Gain a free [Nice Art] [in capital]", "[+50]% Great Person generation [in all cities] <when at war>", "[+1 Happiness, +2 Food, +2 Production] from every specialist [in all cities] <when at war>", "[+50]% Production when constructing [Ranged] units [in all cities]"],
		"cities": ["Neo-Theokhusria","Kharkiv","Dnipropetrovsk","Odesa","Donetsk","Zaporizhia","Lviv","Kryvyi Rih","Mykolaiv","Mariupol","Luhansk","Makiivka","Simferopol","Vinnytsia","Sevastopol","Kherson","Poltava","Chernihiv","Cherkasy","Sumy","Horlivka","Zhytomyr","Dniprodzerzhynsk","Kirovohrad","Chernivtsi","Khmelnytskyi","Rivne","Ivano-Frankivsk","Ternopil","Kremenchuk","Lutsk","Bila Tserkva","Kramatorsk","Melitopol","Kerch","Nikopol","Lysychansk","Berdyansk","Pavlohrad","Sloviansk"],
	},
	{
		"name": "Hetzwigg",
		"leaderName": "Moritz Van Struepan",
		"adjective": ["Hetzwiggian"],
		"preferredVictoryType": "Domination",
		
		"startIntroPart1": "Hail mighty Moritz, first canchellor of Hetzwigg and his empire! Hetzwigg is an upstart nation, fashioned from the ruins of the Holy Empire and finally unified, a little more than a century ago. The Hetzwigg people have proven themselves to be creative, industrious a ferocious warriors. Despite enduring great catastrophes in the first half of the century, Hetzwigg remains a worldwide economic, artistic and technological leader.",
		"startIntroPart2": ".",
		"declaringWar": "I cannot wait until ye grow even mightier. Therefore, prepare for war!",
		"attacked": "Corrupted villain! We will bring you into the ground!",
		"defeated": "Germany has been destroyed. I weep for the future generations.",
		"introduction": "Guten tag. In the name of the great Hetzwigg people, I bid you welcome.",
		"neutralHello": "What now?",
		"hateHello": "So, out with it!",
		"tradeRequest": "It would be in your best interest, to carefully consider this proposal.",
		"outerColor": [11, 11, 69],
		"innerColor": [201, 201, 201],
		"favoredReligion": "The Church of Belisarius",
		"uniqueName": "The Art of The Possible",
		"uniques": ["[+1 Production] from every [Strategic resource]","Double quantity of [Horses] produced", "Double quantity of [Coal] produced", "Double quantity of [Iron] produced","Double quantity of [Uranium] produced", "Double quantity of [Aluminum] produced", "[+15]% combat bonus for [Non-City] units fighting in [Plains]", "[+15]% combat bonus for [Non-City] units fighting in [Grassland]"],
		"cities": ["Hetzwigg","Hamburg","Munich","Cologne","Frankfurt","Essen","Dortmund","Stuttgart","Dusseldorf","Bremen",
			"Hannover","Duisburg","Leipzig","Dresden","Bonn","Bochum","Bielefeld","Karlsruhe","Gelsenkirchen","Wiesbaden",
			"Munster","Rostok","Chemnitz","Braunschweig","Halle","Mצnchengladbach","Kiel","Wuppertal","Freiburg","Hagen",
			"Erfurt","Kaiserslautern","Kassel","Oberhausen","Hamm","Saarbrucken","Krefeld","Pirmasens","Potsdam","Solingen",
			"Osnabruck","Ludwingshafen","Leverkusen","Oldenburg","Neuss","Mulheim","Darmstadt","Herne","Wurzburg",
			"Recklinghausen","Gצttingen","Wolfsburg","Koblenz","Hildesheim","Erlangen"]
	},
	{
		"name": "De Vivino Veja",
		"leaderName": "Mina De Vivino",
		"adjective": ["Vejan"],
		"startBias": ["Coast"],
//		"preferredVictoryType": "Cultural",

		"startIntroPart1": ".",
		"startIntroPart2": "Mina De Vivino, the only thing that extends beyond your wealth is your influence. You became the queen of Veja via the service of you, and your family. Never forget them.",
		"declaringWar": "This is good for the economy! Get them Lorenzo!",
		"attacked": "Ha! My brother will defend our lands!",
		"defeated": "Surely, the great wind has blown away from our sales. Be merciful please.",
		"introduction": "By grace of the Gods, I am Mina De Vivino, Queen of Veja. I bid you welcome.",
		"neutralHello": "Come! Let us trade!",
		"hateHello": "You make me sad.",
		"tradeRequest": "The sea is vast and empty. Shall we be friends?",
		"outerColor": [241,241,72],
		"innerColor": [140, 36, 90],
		"favoredReligion": "The Reformed Church of Belisarius",
		"uniqueName": "De Vivino Wealth",
		"uniques": ["Retain [50]% of the happiness from a luxury after the last copy has been traded away", "Gain a free [De Vivino Family] [in all coastal cities]", "[+1] Sight <for all [{Military} {Land}] units>", "[+1] Sight <for all [{Military} {Water}] units>", "[+50]% yield from every [Sea Trade Route (Food)]","[+50]% yield from every [Sea Trade Route (Production)]", "[+50]% yield from every [Sea Trade Route (Gold)]"],
		"cities": ["Veja","Referad","Utrecht","Groningen","Breda","Nijimegen","Den Haag","Haarlem","Arnhem","Zutphen",
			"Maastricht","Tilburg","Eindhoven","Dordrecht","Leiden","Hertogenbosch","Almere","Alkmaar","Brielle","Vlissingen",
			"Apeldoorn","Nova Enschede","Sao Bernardo do Amersfoort","Zwolle","Venlo","Uden","Grave","Delft","Gouda","Nieuwstadt",
			"Weesp","Coevorden","Kerkrade"]			
	},
	{
		"name": "Post-Theodosian Sapphire City",
		"leaderName": "Theodosis II",
		"adjective": ["Sapphirian"],
		"startBias": ["Grassland","Plains"],
		"preferredVictoryType": "Scientific",
		
		"startIntroPart1": ".",
		"startIntroPart2": "Fill the universe with glory.",
		"declaringWar": "For the record; I don't feel bad for this.",
		"attacked": "Pffft! Think you can defeat me!",
		"defeated": "This severe, and afflicting loss will NOT be sustained, and the Sapphire City will accend again!",
		"introduction": "We are by the grace of her people, Theodosis II, queen of the United Kingdoms of The Sapphire City and Theodosiana, and soon, dare I say, the empire.",
		"neutralHello": "greetings.",
		"hateHello": "you piss me off.",
		"tradeRequest": "Let us trade, shall we?",
		"outerColor": [9, 13, 227],
		"innerColor": [248,223,97],
		"favoredReligion": "The Church of Nelius",
		"uniqueName": "Post-Theodosian Era Politics",
		"uniques": ["May buy [{Military} {Water}] units with [Science] for [1] times their normal Production cost", "May buy [{Military} {Land}] units with [Science] for [1] times their normal Production cost", "All newly-trained [non-air] units [in all cities] receive the [Sapphire City] promotion", "[+10]% Strength if within [2] tiles of a [Road]", "[Great Scientist] is earned [20]% faster","[Great Artist] is earned [20]% faster", "[+2 Science] from every [Great Improvement]"],
		"cities": ["Sapphire City","Theodosiana","Sapphiriana","Quartz Town","Oxhey","Northwick","Redmoor","Oxhaven","Langthwaite","Readpool",
			"Market Southford","Kirington","Oxmere","Northhall","Whitepool","Hardon","Bridge","Merw","Balkh","Mosul",
			"Aydab","Bayt","Suhar","Taif","Hama","Tabuk","Sana'a","Shihr","Tripoli","Tunis","Kairouan","Algiers","Oran"]
	},
	{
		"name": "Jupitoir",
		"leaderName": "Nelius",
		"adjective": ["Jupitean"],
		"startBias": ["Grassland", "Plains", "Avoid [Tundra]", "Avoid [Forest]", "Avoid [Jungle]"],
//		"preferredVictoryType":"Dominations",
		
		"startIntroPart1": ".",
		"startIntroPart2": "Your mastery of the spoken word is a gift of great value, silver-tongued Nelius, leader of Jupitoir. Through it you can attract the devotion of a league of states, surrounding yourself with their glory. Establish cultural sites along the rocky shores of Jupitoir to unite your people behind your strong governance. If all goes well the Sirens will sing of the Age of Nelius!",
		
		"declaringWar": "Politics isn't personal my friend, remember that.",
		"attacked": "Odd, I thought your nation didn't need more land.",
		"defeated": "The empire survived plague, it survived war, it survived famine, but it seems it could not survive you.",
		"introduction": "Hello, I am Nelius, Emperor of mighty Jupitoir!",
		
		"neutralHello": "Greetings!",
		"hateHello": "What?",
		
		"tradeRequest": "My friend, does this seem reasonable to you?",
				
		"outerColor": [240, 201, 5],
		"innerColor": [19, 73, 105],
		"favoredReligion": "The Church of Nelius",
		"uniqueName": "Holding the Empire together",
		"uniques": ["Gain a free [Barracks] [in all cities]", "Gain a free [Library] [in all cities]", "Gain a free [Monument] [in all cities]", "[+2 Happiness] from every [Wonder]", "[+50]% Production when constructing [Concurium]", "[+1 Happiness] from every [Building]"],
		"cities": ["Templia","Jupite","Corinth","Argos","Knossos","Mycenae","Pharsalos","Ephesus","Halicarnassus","Rhodes",
			"Eretria","Pergamon","Miletos","Megara","Phocaea","Sicyon","Tiryns","Samos","Mytilene","Chios",
			"Paros","Elis","Syracuse","Herakleia","Gortyn","Chalkis","Pylos","Pella","Naxos","Sicyon",
			"Larissa","Apollonia","Messene","Orchomenos","Ambracia","Kos","Knidos","Amphipolis",
			"Patras","Lamia","Nafplion","Apolyton"]
	},
	{
		"name": "Theodosis III's Sapphire City",
		"leaderName": "Theodosis III",
		"adjective": ["SapphirianIII"],
		"startBias": ["Grassland","Plains"],
		"preferredVictoryType": "Scientific",
		
		"startIntroPart1": ".",
		"startIntroPart2": "you ruined your nation.",
		"declaringWar": "Certanium said I must!",
		"attacked": "Certanium said you would never!",
		"defeated": "You took everything from me.",
		"introduction": "I am wife of Certanium, a no good woman. I do nothing right.",
		"neutralHello": "...",
		"hateHello": "...",
		"tradeRequest": "Certanium thought you might like this?",
		"outerColor": [10, 25, 46],
		"innerColor": [189, 189, 189],
		"favoredReligion": "The Church of Certanium",
		"uniqueName": "Certanium's Marrage",
		"uniques": ["[-1 Food] from every [Great Improvement]", "Gain a free [Wedding Ring] [in capital]"],
		"cities": ["Sapphire City","Theodosiana","Sapphiriana","Quartz Town","Oxhey","Northwick","Redmoor","Oxhaven","Langthwaite","Readpool",
			"Market Southford","Kirington","Oxmere","Northhall","Whitepool","Hardon","Bridge","Merw","Balkh","Mosul",
			"Aydab","Bayt","Suhar","Taif","Hama","Tabuk","Sana'a","Shihr","Tripoli","Tunis","Kairouan","Algiers","Oran"]
	},
	{
		"name": "Central Animus",
		"leaderName": "Saint Filipe II",
		"adjective": ["CAnimum"],
		"startBias": ["Plains"],
		"preferredVictoryType": "Domination",
		
		"startIntroPart1": ".",
		"startIntroPart2": "Holy Father, Saint Filipe II, Vicar of Belisarius, the Jupite civilization is in your hands. But a convergence of false religions and fervant nationalisms threaten to engulf the world in darkness. Take the secular power of the Holy Mother Church and with it restore Belisarius' kingdom on earth.",
		"declaringWar": "Your sins will send you down to hell long before I do!",
		"attacked": "Why?! I was meerly spreading my religion in peace!",
		"defeated": "So it truly was all a lie.",
		"introduction": "Peace be to you, I am Saint Filipe of Animus.",
		"neutralHello": "peace be to you",
		"hateHello": "may the gods take mercy on you.",
		"tradeRequest": "how does this work for you?",
		"outerColor": [94, 34, 12],
		"innerColor": [255,249,227],
		"favoredReligion": "The Reformed Church of Belisarius",
		"uniqueName": "Rule with Faith",
		"uniques": ["[+34]% Natural religion spread [in all cities]","[+1 Production] from every [Farm]","[+1 Faith] from every [Mine]", "[non-air] units gain the [Taxis] promotion","[Mounted] units gain the [Porphyrogennetos] promotion","[Great Artist] is earned [20]% faster"],
		"cities": ["St. Filipe", "Animus", "Seville","Cordoba","Toledo","Santiago","Salamanca","Murcia","Valencia","Zaragoza","Pamplona",
			"Vitoria","Santander","Oviedo","Jaen","Logroño","Valladolid","Palma","Teruel","Almeria","Leon","Zamora","Mida",
			"Lugo","Alicante","Càdiz","Eiche","Alcorcon","Burgos","Vigo","Badajoz","La Coruña","Guadalquivir","Bilbao",
			"San Sebastian","Granada","Mérida","Huelva","Ibiza","Las Palmas","Tenerife"]
	},
	{
		"name": "Eastern Animus",
		"leaderName": "Rosa IV",
		"adjective": ["EAnimum"],
		"startBias": ["Plains"],
		"preferredVictoryType": "Domination",
		
		"startIntroPart1": ".",
		"startIntroPart2": "Wise and illustrious Queen Rosa IV. Your legendary reputation as a scholar is matched only by your ferocity in conquest. And yet, your legend represents merely a glimmer of your true ambition. Ensure that your thirst for knowledge does not go unquenched, seize lands as far as the horizon, and rest assured the world shall be yours.",
		"declaringWar": "This is all for knowledge, and reason, remember that.",
		"attacked": "Why?! I was busy!",
		"defeated": "No! I am not ready! There are so many things I am unsure of!",
		"introduction": "I Rosa IV took care of the wisdom of Nelius, the whole of the inscribed tablets, of all the clay tablets, the whole of their mysteries and difficulties, I solved.",
		"neutralHello": "You're yet another mystery to solve",
		"hateHello": "I would much rather put my brain towards something else.",
		"tradeRequest": "how does this work for you?",
		"outerColor": [222, 157, 67],
		"innerColor": [0,0,0],
		"favoredReligion": "The Church of Nelius",
		"uniqueName": "Wisdom of Nelius",
		"uniques": ["[+1 Culture] [in all cities]", "[+1 Science] [in all cities]","[+1 Culture] from all [Science] buildings", "Receive free [Great Artist] when you discover [Philosophy]", "Receive free [Great Scientist] when you discover [Philosophy]", "[+2 Science] from every [Landmark]", "[+2 Science] from every [Academy]", "[+2 Culture] from every [Academy]", "[+2 Culture] from every [Landmark]", "[+1 Food] from every [Hill]"],
		"cities": ["Vitoria","St. Filipe","Seville","Cordoba","Toledo","Santiago","Salamanca","Murcia","Valencia","Zaragoza","Pamplona",
			"Animus","Santander","Oviedo","Jaen","Logroño","Valladolid","Palma","Teruel","Almeria","Leon","Zamora","Mida",
			"Lugo","Alicante","Càdiz","Eiche","Alcorcon","Burgos","Vigo","Badajoz","La Coruña","Guadalquivir","Bilbao",
			"San Sebastian","Granada","Mérida","Huelva","Ibiza","Las Palmas","Tenerife"]
	},
	{
		"name": "Western Animus",
		"leaderName": "Simón IX",
		"adjective": ["WAnimus"],
		"preferredVictoryType": "Domination",
		
		"declaringWar": "Your tyranny, if unchecked, dooms the world to darkness, and for this reason I must declare war on you.",
		"attacked": "Recourse to war is regrettable, but necessary, when dealing with vipers like you.",
		"defeated": "Everything I have done, I did for the nation of Western Animus. I remain a patriot to the very end.",
		"introduction": "I, President Simon XI, welcome you to Western Animus.",
		"neutralHello": "Excellent!",
		"hateHello": "Tyrant!.",
		"tradeRequest": "I send to you a delegation of my finest horsemen. Will you let them in?",
		"outerColor": [255, 176, 124],
		"innerColor": [163, 16, 126],
		"uniqueName": "Ejército Patriota",
		"favoredReligion": "The Church of Belisarius",
		"uniques": ["[+50]% [Food] from every [Monument]", "[+50]% [Food] [in all cities]", "[+4 Food] from every [Mine]","Earn [20]% of [Barbarians] opponent's [Cost] as [Culture] for kills", "+15% combat strength for melee units which have another military unit in an adjacent tile"],
		"cities": ["Bogotá","Quito","Valencia De Carabobo","Cali","Cumaná","Maracaibo","Medellín","Guayaquil","Panamá","Caracas",
			"Cartagena de Indias","Popayán","Cuenca","Barinas","Santa Marta","Loja","Angostura","Pasto","Nueva Barcelona","Neiva",
			"Mérida","Portoviejo","Riobamba","Ibarra","Riohacha","Quibdó","Nueva Pamplona","Santiago de Veraguas","La Asunción","Achaguas",
			"Honda","Socorro","Mompós","Trujillo","Santa Fe de Antioquia","Pore","Cúcuta","Mariquita","San Fernando de Apure","Barquisimeto"]
	}, 
	{
		"name": "Gold Draconia",
		"leaderName": "Matthias The Beloved",
		"adjective": ["Gold Draconian"],
		"startBias": ["Jungle"],
		"preferredVictoryType": "Diplomatic",
		
		"startIntroPart1": ".",
		"startIntroPart2": "Mighty Matthias, your feats at arms are matched only by the depths of your knowledge. Let your mighty Gold Army serve as your strong hand in the battlefield, both as sword against your enemies and as shield protecting your faithful people, and ages to come will utter your name in awe.",
		"declaringWar": "Your insolence has provoked this war, and I shall be happy to lead the Gold Army to victory over you.",
		"attacked": "Surely you had to know that one day there would be war between us.",
		"defeated": "Today you wear the victor's laurels, but can you keep what you have taken?",
		"introduction": "I am Matthias. I am King of Gold Draconia, scourge of my foes, and defender of the faithful. Greetings.",
		"neutralHello": "Why hello, welcome back to our lands",
		"hateHello": "Gold Army, can we, escort them out of here?",
		"tradeRequest": "A generous offer! I hope you accept with a grateful heart.",
		"outerColor": [0,0,0],
		"innerColor": [252, 223, 3],
		"favoredReligion": "Order of the Dragons",
		"uniqueName": "Natural Awe of Gold",
		"uniques": ["[+1 Food] from every specialist","[+100]% Production when constructing [Worker]", "[+100]% Production when constructing [Paridise Finders]"],
		"cities": ["Indrapura","My So'n","Vijaya","Mang Ly","Lam Ap Pho","Amaravati","Kauthara","Panduranga",
			"Thi Li Bi Nai","Trivakramapura","Balonga","Hamu Lithit","Dong Hoi","Aya Ru","Bingi",
			"Hve","Kon Tum","Yang Prong","Daknan","Kandarpapura","Eatran","Vishnupura","Tuy Hoa"]
	},   
	{
		"name": "Modern Sapphire City",
		"leaderName": "Theodosis IV",
		"adjective": ["Sapphirian"],
		"startBias": ["Grassland","Plains"],
		"preferredVictoryType": "Scientific",
		
		"startIntroPart1": ".",
		"startIntroPart2": "Queen Theodosis IV, your people require knowledge, grace and eligance in order to thrive, all 3 of which you have. Fill the Treasuries and the Libraries of the Sapphire City with beautiful treasures from around the world.",
		"declaringWar": "The Sapphire City will do her part to push back the evils of the world. Art is one way to do this—war with you is another.",
		"attacked": "We will chastise those who threaten the world. Prepare yourself for war!",
		"defeated": "I never loved power, and now I am left without art. Only regret and loss remain for me.",
		"introduction": "I am Theodosis IV, queen of The Sapphire City, patron of arts and letters. Do I greet a fellow lover of learning?",
		"neutralHello": "I do consider you a friend! I should be delighted to share this with the world.",
		"hateHello": "We have no need of these petty trifles.",
		"tradeRequest": "Will you join me as we tell the world that our nations are friends with one another? We will surely inspire them all.",
		"outerColor": [22, 92, 161],
		"innerColor": [248,223,97],
		"uniqueName": "Sapphirian Museum",
		"uniques": ["[+20]% [Science] from every [Observatory]", "[+10]% [Culture] from every [Observatory]", "[+20]% [Science] from every [University]", "[+10]% [Culture] from every [University]", "[+20]% [Science] from every [Modern Theodosian Library]", "[+10]% [Culture] from every [Modern Theodosian Library]", "[+20]% [Science] from every [Research Lab]", "[+10]% [Culture] from every [Research Lab]", "[+20]% [Science] from every [Public School]", "[+10]% [Culture] from every [Public School]"],
		"cities": ["Sapphire City","Theodosiana","Sapphiriana","Quartz Town","Oxhey","Northwick","Redmoor","Oxhaven","Langthwaite","Readpool",
			"Market Southford","Kirington","Oxmere","Northhall","Whitepool","Hardon","Bridge","Merw","Balkh","Mosul",
			"Aydab","Bayt","Suhar","Taif","Hama","Tabuk","Sana'a","Shihr","Tripoli","Tunis","Kairouan","Algiers","Oran"]
	},
	{
		"name": "Rainbow Draconia",
		"leaderName": "Chế Trinh",
		"adjective": ["Rainbow Draconian"],
		"startBias": ["Jungle"],
		"preferredVictoryType": "Diplomatic",
		
		"startIntroPart1": ".",
		"startIntroPart2": "Chế Trinh, your people will remember you as a goddess. Stand against those who would try to rein in your storm, and raise your sword in defiance. Neither family nor foe will hold you back.",
		"declaringWar": "Now you are at war with all of Draconia. Do you hear our trumpets? The thunder of our elephants? They are coming for you!",
		"attacked": "I have waited for this day for a long time. Today begins the war that will end in your destruction.",
		"defeated": "Do you think you have defeated me? I will ascend to heaven, and become the immortal spirit of our resistance!",
		"introduction": "I am Lady Chế Trinh, the general who wears the golden robe. Welcome to Rainbow Draconia.",
		"neutralHello": "With all due respect, stay out of my way.",
		"hateHello": "With no respect, stay out of my way.",
		"tradeRequest": "Our spears unite against our foes!",
		"outerColor": [0,0,0],
		"innerColor": [255, 255, 255],
		"favoredReligion": "Order of the Dragons",
		"uniqueName": "Shared Sense of Identity",
		"uniques": ["Earn [100]% of killed [Military] unit's [Strength] as [Faith]","Earn [200]% of killed [Military] unit's [Strength] as [Gold]", "Earn [100]% of killed [Military] unit's [Strength] as [Science]","Earn [100]% of killed [Military] unit's [Strength] as [Culture]", "Can spend Gold to annex or puppet a City-State that has been your ally for [10] turns.", "[non-air] units gain the [Golden Robe] promotion"],
		"cities": ["Draconia","My So'n","Vijaya","Mang Ly","Lam Ap Pho","Amaravati","Kauthara","Panduranga",
			"Thi Li Bi Nai","Trivakramapura","Balonga","Hamu Lithit","Dong Hoi","Aya Ru","Bingi",
			"Hve","Kon Tum","Yang Prong","Daknan","Kandarpapura","Eatran","Vishnupura","Tuy Hoa"]
	},   	
	{
		"name": "Kingdom of Bormonov",
		"leaderName": "Zephiel",
		"adjective": ["Bernese"],
		"preferredVictoryType": "Domination",
		"favoredReligion": "The Church of Belisarius",
		"startBias": ["Mountain"],
		
		"startIntroPart1": "Hail to you King Zephiel! The valiant king of Bormonov and the judicious descendant of the miner Hartmut! You were a brilliant and a wise ruler with a great will to remove the corrupted rulers of this world which are men. With a great desire to uproot them and replace mankind with dragonkind who are not corrupted by the greed and the wrath of this world. Unfortunately, many were envious and were utter fools to understand your will and many nations have plotted to overthrow you and succeeded with such wicked plot, depraving this world with a just ruler.",
		"startIntroPart2": "Fate does indeed works in mysterious for once again you were given a second chance to continue to pursue your dreams of ridding this world of the corruption that were caused by mankind. King Zephiel, do you have what it takes to rid this world of human rule? Can you lead mankind to their proper ruler? Can you build a civilization that will stand the test of time?",
		
		"declaringWar": "I must put an end to the rule of men at all cost! And you shall not stop my ambition!",
		"attacked": "Bah! Your threats do not frighten me. Face me in the battlefield if you truly dare!",
		"defeated": "You have defeated me. But remember this: My will shall never die. As long as humans retain control, madness will reign...",
		"introduction": "I am Zephiel, King of Bern! I hope you do not spout nonsense about hopes on humanity.",
		
		"neutralHello": "Yes?",
		"neutralLetsHearIt": ["Tell me.","Your offer?","You have my attention."],
		"neutralNo": ["Certainly not.","No.","I cannot agree."],
		"neutralYes": ["Fair enough.","Very well.","So be it."],

		"hateHello": "Speak your mind!",
		"hateLetsHearIt": ["Speak!","What do you want?","Waste no time."],
		"hateNo": ["No.","I will not accept it.","I'd rather not."],
		"hateYes": ["Hmph.","Fine.","So it be."],
		
		"afterPeace": "You fought well, I shall not underestimate you next time.",
		"tradeRequest": "This offer will surely serve both of our interests.",

		"outerColor": [67, 27, 107],
		"innerColor": [207, 209, 86],
		"uniqueName": "Rebels with a cause",
		"uniques": ["[+50]% [Culture] from every [Courthouse]", "[+50]% [Science] from every [Courthouse]", "[-50]% [Science] [in all cities]", "[-50]% [Culture] [in all cities]", "[+2 Production, +2 Food] from every [Mine]", "[+2 Food] from every [Mountain] <after discovering [Mining]>","[+1 Food] from every [Mountain] <after discovering [Chemistry]>","[+1 Food] from every [Mountain] <after discovering [Dynamite]>", "[+2 Production] from every [Mountain] <after discovering [Mining]>","[+1 Production] from every [Mountain] <after discovering [Chemistry]>","[+1 Production] from every [Mountain] <after discovering [Dynamite]>","[-33]% unhappiness from population [in annexed cities]"], //Should not suffer from resistance penalties instead. Also +1 Production from Mountain in an event after discovering dynamite instead.
		"cities": ["Bern","Zuria","Gweneva","Churica","Valais","Freibourg","Holligen","Britefield","Altenburg","Könizia","Beruth","Alaman","Rosewerg","Lieberaum","Giswyl","Guivarum","Acturica","Thun","Lucren","Dragon Sanctuary","Shrine of Seals"]
	},
	//City-States
	{
		"name": "Djibouti",
		"adjective": ["Djibouti"],
		"cityStateType": "Cultured",
		
		"declaringWar": "You leave us no choice. War it must be.",
		"attacked": "Very well, this shall not be forgotten.",
		"defeated": "You fiend! History shall remember this!",
		"outerColor": [0, 0, 0],
		"innerColor": [185,132,66],
		"uniques": ["Gain a free [~CS] [in all cities]"],
		"cities": ["Djibouti"]
	},
	{
		"name": "Florence",
		"adjective": ["Florentine"],
		"cityStateType": "Cultured",
		
		"declaringWar": "You leave us no choice. War it must be.",
		"attacked": "Very well, this shall not be forgotten.",
		"defeated": "And so the flower of Florence falls to barbaric hands...",
		"outerColor": [0, 0, 0],
		"innerColor": [62,197,252],
			"uniques": ["Gain a free [~CS] [in all cities]"],
		"cities": ["Florence"]
	},
	{
		"name": "Mombasa",
		"adjective": ["Kenyan"],
		"cityStateType": "Maritime",
		"startBias": ["Coast"],

		"declaringWar": "Our tribe must prosper... and you must fall.",
		"attacked": "We always like a good challenge. I'm lookingforward to see your pathetic armies being ginded to dust!",
		"defeated": "Very well, then... we shall serve you forevermore.",
		"outerColor": [0, 0, 0],
		"innerColor": [211, 220, 103],
		"uniques": ["Gain a free [~CS] [in all cities]"],
		"cities": ["Mombasa"]
	},
	{
		"name": "Vaduz",
		"adjective": ["Vaduz"],
		"cityStateType": "Mercantile",
		"startBias": ["Coast"],

		"declaringWar": "You leave us no choice. War it must be.",
		"attacked": "Very well, this shall not be forgotten.",
		"defeated": "They will write songs of this.... pray that they shall be in your favor.",
		"outerColor": [0, 0, 0],
		"innerColor": [194,97,255],
		"uniques": ["Gain a free [~CS] [in all cities]"],
		"cities": ["Vaduz"]
	},
	{
		"name": "Belgrade",
		"adjective": ["Serbian"],
		"cityStateType": "Militaristic",

		"declaringWar": "My ambitions are too big to be contained... And it is a shame that I have to use them to destroy you.",
		"attacked": "Go ahead then! You will die before setting one foot in our country!",
		"defeated": "Pathetic... We can prosper as much as we want, yet we can ultimately fall, no matter what.",
		"outerColor": [0, 0, 0],
		"innerColor": [211,180,113],
		"uniques": ["Gain a free [~CS] [in all cities]"],
		"cities": ["Belgrade"]
	},
	{
		"name": "Mohenjo-Daro",
		"adjective": ["Mohenjo-Daro"],
		"cityStateType": "Mercantile",
		"startBias": ["Coast"],

		"declaringWar": "You leave us no choice. War it must be.",
		"attacked": "Very well, this shall not be forgotten.",
		"defeated": "We never fully trusted you from the start.",
		"outerColor": [0, 0, 0],
		"innerColor": [255,97,255],
		"uniques": ["Gain a free [~CS] [in all cities]"],
		"cities": ["Mohenjo-Daro"]
	},
	{
		"name": "Bangkok",
		"adjective": ["Bangkok"],
		"cityStateType": "Maritime",
		"startBias": ["Coast"],

		"declaringWar": "I will enjoy hearing your last breath as you witness the destruction of your realm!",
		"attacked": "Why do we fight? Because Inanna demands it. Now, witness the power of the Sumerians!",
		"defeated": "What treachery has struck us? No, what evil?",
		"outerColor": [0, 0, 0],
		"innerColor": [255,69,0],
		"uniques": ["Gain a free [~CS] [in all cities]"],
		"cities": ["Bangkok"]
	},
	{
		"name": "Tallinn",
		"adjective": ["Tallinn"],
		"cityStateType": "Mercantile",
		"startBias": ["Coast"],

		"declaringWar": "You leave us no choice. War it must be.",
		"attacked": "Very well, this shall not be forgotten.",
		"defeated": "How barbaric. Those who live by the sword shall perish by the sword.",
		"outerColor": [0, 0, 0],
		"innerColor": [45,255,86],
		"uniques": ["Gain a free [~CS] [in all cities]"],
		"cities": ["Tallinn"]
	},
	{
		"name": "Brussels",
		"adjective": ["Bruxellois"],
		"cityStateType": "Cultured",
		
		"declaringWar": "You leave us no choice. War it must be.",
		"attacked": "Very well, this shall not be forgotten.",
		"defeated": "I guess you weren't here for the sprouts after all...",
		"outerColor": [0, 0, 0],
		"innerColor": [153,255,51],
		"uniques": ["Gain a free [~CS] [in all cities]"],
		"cities": ["Brussels"]
	},
	{
		"name": "Kabul",
		"adjective": ["Kabul"],
		"cityStateType": "Cultured",
		
		"declaringWar": "You leave us no choice. War it must be.",
		"attacked": "Very well, this shall not be forgotten.",
		"defeated": "Unacceptable!",
		"outerColor": [0, 0, 0],
		"innerColor": [153,0,76],
		"uniques": ["Gain a free [~CS] [in all cities]"],
		"cities": ["Kabul"]
	},
	{
		"name": "Meroe",
		"adjective": ["Meroese"],
		"cityStateType": "Militaristic",

		"declaringWar": "You leave us no choice. War it must be.",
		"attacked": "Very well, this shall not be forgotten.",
		"defeated": "What a fine battle! Sidon is willing to serve you!",
		"outerColor": [0, 0, 0],
		"innerColor": [250,128,114],
		"uniques": ["Gain a free [~CS] [in all cities]"],
		"cities": ["Meroe"]
	},
	{
		"name": "Almaty",
		"adjective": ["Almaty"],
		"cityStateType": "Militaristic",

		"declaringWar": "You leave us no choice. War it must be.",
		"attacked": "Very well, this shall not be forgotten.",
		"defeated": "How could we fall to the likes of you?!",
		"outerColor": [0, 0, 0],
		"innerColor": [152,0,241],
		"uniques": ["Gain a free [~CS] [in all cities]"],
		"cities": ["Almaty"]
	},
	{
		"name": "Havana",
		"adjective": ["Havana"],
		"cityStateType": "Militaristic",

		"declaringWar": "You shall stain this land no longer with your vileness! To arms, my countrymen - we ride to war!",
		"attacked": "Traitorous man! The Bulgarian peoples will not stand for such wanton abuse and slander - I shall have your head!",
		"defeated": "Vile ruler, know that you 'won' this war in name only!",
		"outerColor": [0, 0, 0],
		"innerColor": [0,102,102],
		"uniques": ["Gain a free [~CS] [in all cities]"],
		"cities": ["Havana"]
	},
	{
		"name": "Singapore",
		"adjective": ["Singaporean"],
		"cityStateType": "Mercantile",

		"declaringWar": "You leave us no choice. War it must be.",
		"attacked": "Very well, this shall not be forgotten.",
		"defeated": "Perhaps, in another world, we could have been friends...",
		"outerColor": [0, 0, 0],
		"innerColor": [255,255,0],
		"uniques": ["Gain a free [~CS] [in all cities]"],
		"cities": ["Singapore"]
	},
	{
		"name": "Zanzibar",
		"adjective": ["Zanzibar"],
		"cityStateType": "Mercantile",

		"declaringWar": "You leave us no choice. War it must be.",
		"attacked": "Very well, this shall not be forgotten.",
		"defeated": "May the Heavens forgive you for inflicting this humiliation to our people.",
		"outerColor": [0, 0, 0],
		"innerColor": [255,153,255],
		"uniques": ["Gain a free [~CS] [in all cities]"],
		"cities": ["Zanzibar"]
	},
	{
		"name": "Phnom Penh",
		"adjective": ["Phnom Penh"],
		"cityStateType": "Maritime",

		"declaringWar": "After thorough deliberation, Australia finds itself at a crossroads. Prepare yourself, for war is upon us.",
		"attacked": "We will mobilize every means of resistance to stop this transgression against our nation!",
		"defeated": "The principles for which we have fought will survive longer than any nation you could ever build.",
		"outerColor": [0, 0, 0],
		"innerColor": [255,204,204],
		"uniques": ["Gain a free [~CS] [in all cities]"],
		"cities": ["Phnom Penh"]
	},
	{
		"name": "Cipe Town",
		"adjective": ["Cape Town"],
		"cityStateType": "Maritime",

		"declaringWar": "You leave us no choice. War it must be.",
		"attacked": "Very well, this shall not be forgotten.",
		"defeated": "I have failed. May you, at least, know compassion towards our people.",
		"outerColor": [0, 0, 0],
		"innerColor": [255,153,153],
		"uniques": ["Gain a free [~CS] [in all cities]"],
		"cities": ["Cipe Town"]
	},
	{
		"name": "Kathmandu",
		"adjective": ["Kathmandu"],
		"cityStateType": "Mercantile",

		"declaringWar": "You leave us no choice. War it must be.",
		"attacked": "Very well, this shall not be forgotten.",
		"defeated": "We... defeated? No... we had so much work to do!",
		"outerColor": [0, 0, 0],
		"innerColor": [151,125,0],
		"uniques": ["Gain a free [~CS] [in all cities]"],
		"cities": ["Kathmandu"]
	},
	{
		"name": "Hanoi",
		"adjective": ["Hanoi"],
		"cityStateType": "Cultured",

		"declaringWar": "You leave us no choice. War it must be.",
		"attacked": "Very well, this shall not be forgotten.",
		"defeated": "So this is how it feels to die...",
		"outerColor": [0, 0, 0],
		"innerColor": [0,0,255],
		"uniques": ["Gain a free [~CS] [in all cities]"],
		"cities": ["Hanoi"]
	},
	{
		"name": "Belisariusbad",
		"adjective": ["Islamabad"],
		"cityStateType": "Cultured",

		"declaringWar": "You leave us no choice. War it must be.",
		"attacked": "Very well, this shall not be forgotten.",
		"defeated": "We were too weak to protect ourselves...",
		"outerColor": [0, 0, 0],
		"innerColor": [51,102,0],
		"uniques": ["Gain a free [~CS] [in all cities]"],
		"cities": ["Belisariusbad"]
	},
	{
		"name": "Famouth",
		"adjective": ["Hong Kong"],
		"cityStateType": "Maritime",

		"declaringWar": "You leave us no choice. War it must be.",
		"attacked": "Very well, this shall not be forgotten.",
		"defeated": "The day of judgement has come to us. But rest assured, the same will go for you!",
		"outerColor": [0, 0, 0],
		"innerColor": [255,178,102],
		"uniques": ["Gain a free [~CS] [in all cities]"],
		"cities": ["Famouth"]
	},
	{
		"name": "Kuala Lumpur",
		"adjective": ["KLite"],
		"cityStateType": "Cultured",

		"declaringWar": "You leave us no choice. War it must be.",
		"attacked": "Very well, this shall not be forgotten.",
		"defeated": "Today, the Malay people obey you, but do not think this is over...",
		"outerColor": [0, 0, 0],
		"innerColor": [0,102,102],
		"uniques": ["Gain a free [~CS] [in all cities]"],
		"cities": ["Kuala Lumpur"]
	},
	{
		"name": "Manila",
		"adjective": ["Manilan"],
		"cityStateType": "Maritime",

		"declaringWar": "You leave us no choice. War it must be.",
		"attacked": "Very well, this shall not be forgotten.",
		"defeated": "Ah, Gods! Why have you forsaken us?",
		"outerColor": [0, 0, 0],
		"innerColor": [96,96,96],
		"uniques": ["Gain a free [~CS] [in all cities]"],
		"cities": ["Manila"]
	},
	{
		"name": "Lhasa",
		"translatedName": "Lhasa",
		"adjective": ["tibetano"],
		"cityStateType": "Religious",

		"declaringWar": "You leave us no choice. War it must be.",
		"attacked": "Very well, this shall not be forgotten.",
		"defeated": "Perhaps now we will find peace in death...",
		"outerColor": [0, 0, 0],
		"innerColor": [204,102,0],
		"uniques": ["Gain a free [~CS] [in all cities]"],
		"cities": ["Lhasa"]
	},
	{
		"name": "Lima",
		"translatedName": "Lima",
		"adjective": ["Lima"],
		"cityStateType": "Maritime",

		"declaringWar": "In responding to the unstinting malignancy that has heretofore defined your relationship with Canada, we can have no recourse but war!",
		"attacked": "As we can reach no peaceful resolution with you, Canada must turn, with reluctance, to war.",
		"defeated": "I regret not defending my country to the last, although it was not of use.",
		"outerColor": [0, 0, 0],
		"innerColor": [0,255,128],
		"uniques": ["Gain a free [~CS] [in all cities]"],
		"cities": ["Lima"]
	},
	{
		"name": "Guaving",
		"adjective": ["M'Banza-Kongo"],
		"cityStateType": "Militaristic",

		"declaringWar": "Do you really think you can walk over us so easily? I will not let it happen. Not to Kongo - not to my people!",
		"attacked": "We are no strangers to war. You have strayed from the right path, and now we will correct it.",
		"defeated": "You are nothing but a glorified barbarian. Cruel, and ruthless.",
		"outerColor": [0, 0, 0],
		"innerColor": [255,128,0],
		"uniques": ["Gain a free [~CS] [in all cities]"],
		"cities": ["Guaving"]
	},
	{
		"name": "Mogadishu",
		"adjective": ["Mogadishu"],
		"cityStateType": "Maritime",

		"declaringWar": "You leave us no choice. War it must be.",
		"attacked": "Very well, this shall not be forgotten.",
		"defeated": "Congratulations, conquerer. This tribe serves you now.",
		"outerColor": [0, 0, 0],
		"innerColor": [224,224,224],
		"uniques": ["Gain a free [~CS] [in all cities]"],
		"cities": ["Mogadishu"]
	},
	{
		"name": "Bratislava",
		"adjective": ["Bratislava"],
		"cityStateType": "Religious",

		"declaringWar": "I didn't want to do this. We declare war.",
		"attacked": "I will fear no evil. For god is with me!",
		"defeated": "Why have you forsaken us my lord?",
		"outerColor": [0, 0, 0],
		"innerColor": [255,255,255],
				"uniques": ["Gain a free [~CS] [in all cities]"],
		"cities": ["Bratislava"]
	},
	{
		"name": "Cahokia",
		"adjective": ["Cahokia"],
		"cityStateType": "Religious",

		"declaringWar": "We have wanted this for a LONG time. War it shall be.",
		"attacked": "Very well, we will kick you back to the ancient era!",
		"defeated": "This isn't how it is supposed to be!",
		"outerColor": [0, 0, 0],
		"innerColor": [203, 253, 232],
				"uniques": ["Gain a free [~CS] [in all cities]"],
		"cities": ["Cahokia"]
	},
	{
		"name": "Jaepdon",
		"adjective": ["Jerusalem"],
		"cityStateType": "Religious",

		"declaringWar": "By god's grace we will not allow these atrocities to occur any longer. We declare war!",
		"attacked": "May god have mercy on your evil soul.",
		"defeated": "I for one welcome our new conquer overlord!",
		"outerColor": [0, 0, 0],
		"innerColor": [198,255,192],
				"uniques": ["Gain a free [~CS] [in all cities]"],
		"cities": ["Jaepdon"]
	},
		{
		"name": "La Venta",
		"adjective": ["Olmec"],
		"cityStateType": "Religious",

		"declaringWar": "We have wanted this for a LONG time. War it shall be.",
		"attacked": "Very well, we will kick you back to the ancient era!",
		"defeated": "This isn't how it is supposed to be!",
		"outerColor": [0, 0, 0],
		"innerColor": [95,202,232],
				"uniques": ["Gain a free [~CS] [in all cities]"],
		"cities": ["La Venta"]
	},
		{
		"name": "Ife",
		"adjective": ["Nigerian"],
		"cityStateType": "Religious",

		"declaringWar": "We have wanted this for a LONG time. War it shall be.",
		"attacked": "Very well, we will kick you back to the ancient era!",
		"defeated": "This isn't how it is supposed to be!",
		"outerColor": [0, 0, 0],
		"innerColor": [184,184,184],
				"uniques": ["Gain a free [~CS] [in all cities]"],
		"cities": ["Ife"]
	},
			{
		"name": "Wittenberg",
		"adjective": ["Wittenbergian"],
		"cityStateType": "Religious",

		"declaringWar": "We have wanted this for a LONG time. War it shall be.",
		"attacked": "Very well, we will kick you back to the ancient era!",
		"defeated": "This isn't how it is supposed to be!",
		"outerColor": [0, 0, 0],
		"innerColor": [156,206,214],
				"uniques": ["Gain a free [~CS] [in all cities]"],
		"cities": ["Wittenberg"]
	},
			{
		"name": "Kayrith",
		"adjective": ["Swiss"],
		"cityStateType": "Religious",

		"declaringWar": "We have wanted this for a LONG time. War it shall be.",
		"attacked": "Very well, we will kick you back to the ancient era!",
		"defeated": "This isn't how it is supposed to be!",
		"outerColor": [0, 0, 0],
		"innerColor": [15,82,189],
				"uniques": ["Gain a free [~CS] [in all cities]"],
		"cities": ["Kayrith"]
	},
	
	
	        

	//Barbarian
	{
		"name": "Barbarians",
		"outerColor": [0,0,0],
		"innerColor": [182,0,0],
		"uniques": ["Can only heal by pillaging"]
	}

]
