[

// Info according to Civilization Wiki and https://www.civfanatics.com/civ5/info/units/

	/* Ancient Era */
	{
		"name": "Worker",
		"unitType": "Civilian",
		"movement": 2,
		"cost": 48,
		"uniques": ["Can build [Land] improvements on tiles"]
	},
		{
		"name": "Fast Worker",
		"replaces": "Worker",
		"uniqueTo": "Maurya",
		"unitType": "Civilian",
		"movement": 2,
		"cost": 36,
		"promotions": ["Ignores terrain cost"],
		"uniques": ["Can build [Land] improvements on tiles"]
	},
		{
		"name": "Ngangkari",
		"uniqueTo": "Australia",
		"replaces": "Worker",
		"unitType": "Civilian",
		"movement": 3,
		"cost": 48,
		"promotions": ["Medic","Medic II"],
		"uniques": ["Can build [Land] improvements on tiles"]
	},
	{
		"name": "Settler",
		"unitType": "Civilian",
		"movement": 2,
		"cost": 106,
		"uniques": ["Founds a new city", "Excess Food converted to Production when under construction",
			"Requires at least [2] population"],
		"hurryCostModifier": 20
	},
		{
		"name": "Ranchero",
		"replaces": "Settler",
		"uniqueTo": "Mexico",
		"unitType": "Civilian",
		"movement": 2,
		"cost": 106,
		"uniques": ["Founds a new city","Requires at least [2] population"],
		"hurryCostModifier": 20
	},
		{
		"name": "Pioneer", 
		"uniqueTo": "America",
		"replaces": "Settler",
		"unitType": "Civilian",
		"movement": 2,
		"cost": 106,
		"promotions": ["Ignores terrain cost"],
		"uniques": ["Founds a new city", "Excess Food converted to Production when under construction",
			"Requires at least [2] population"]
	},
		{
		"name": "Venice Settler",
		"unitType": "Civilian",
		"uniqueTo": "Venice",
		"replaces": "Settler",
		"movement": 2,
		"cost": 106,
		"uniques": ["Founds a new city", "Will not be displayed in Civilopedia", "Unbuildable"],
		"hurryCostModifier": 20
	},
	{
		"name": "Merchant of Venice", 
		"uniqueTo": "Venice",
		"replaces": "Great Merchant",
		"unitType": "Civilian",
		"movement": 4,
		"cost": 250,
		"uniques": ["Can undertake a trade mission with City-State, giving a large sum of gold and [120] Influence",
			"Can construct [Customs house]","Double movement in [Coast]","Uncapturable", "Great Person - [Gold]", "Unbuildable"]
	},
		
	{
		"name": "Missionary",
		"unitType": "Civilian",
		"uniques": ["Can [Spread Religion] [2] times", "May enter foreign tiles without open borders, but loses [250] religious strength each turn it ends there",
			"Can be purchased with [Faith] [in all cities in which the majority religion is a major religion]", 
			"[-1] Sight", "Unbuildable", "Religious Unit"],
		"movement": 4,
		"religiousStrength": 1000
	},
	{
		"name": "Inquisitor",
		"unitType": "Civilian",
		"uniques": ["Prevents spreading of religion to the city it is next to",
			"Can [Remove Foreign religions from your own cities] [1] times",
			"Can be purchased with [Faith] [in all cities in which the majority religion is an enhanced religion]",
			"[+1] Sight", "Unbuildable", "Religious Unit"
		],
		"movement": 3
	},
	{
		"name": "Caravan", 
		"unitType": "Civilian",
		"movement": 2,
		"cost": 75,
		"uniques": ["Can construct [Land Trade Route (Food)]","Can construct [Land Trade Route (Production)]",
			"Can construct [Land Trade Route (Gold)]","Consumes [1] [Trade Route]","Consumes [1] [Trade Route (Count)]","Uncapturable"],
		"requiredTech": "Animal Husbandry"
	},
	{
		"name": "Cargo Ship", 
		"unitType": "WaterCivilian",
		"movement": 4,
		"cost": 75,
		"uniques": ["Cannot enter ocean tiles until Astronomy","Can construct [Sea Trade Route (Food)]","Can construct [Sea Trade Route (Production)]",
			"Can construct [Sea Trade Route (Gold)]","Consumes [1] [Trade Route]","Consumes [1] [Trade Route (Count)]","Uncapturable"],
		"requiredTech": "Sailing"
	},
	{
		"name": "Scout",
		"unitType": "Scout",
		"movement": 2,
		"strength": 5,
		"cost": 25,
		"upgradesTo": "Airship",
		"obsoleteTech": "Scientific Theory",
				"promotions": ["Ignores terrain cost"],
		"uniques": ["May upgrade to [Archer] through ruins-like effects"],
		"attackSound": "nonmetalhit"
	},
		{
		"name": "Apedemaks Bow",
		"replaces": "Scout",
		"unitType": "Scout",
		"uniqueTo": "Nubia",
		"movement": 2,
		"strength": 5,
		"rangedStrength": 5,
				"upgradesTo": "Airship",
		"range": 3,
		"cost": 25,
		"obsoleteTech": "Scientific Theory",
				"promotions": ["Ignores terrain cost"],
		"uniques": ["May upgrade to [Composite Bowman] through ruins-like effects"],
		"attackSound": "nonmetalhit"
	},
	{
		"name": "Pathfinder", 
		"unitType": "Scout",
		"replaces": "Scout",
		"uniqueTo": "Shoshone",
		"movement": 2,
		"strength": 8,
		"upgradesTo": "Composite Bowman",
		"cost": 41,
		"obsoleteTech": "Scientific Theory",
		"promotions": ["Ignores terrain cost"],
		"uniques": ["May upgrade to [Composite Bowman] through ruins-like effects"],
		"attackSound": "nonmetalhit"
	},
	{
		"name": "Warrior",
		"unitType": "Melee",
		"movement": 2,
		"strength": 8,
		"cost": 40,
		"obsoleteTech": "Metal Casting",
		"upgradesTo": "Swordsman",
		"uniques" : ["May upgrade to [Spearman] through ruins-like effects"],
		"attackSound": "nonmetalhit"
	},
		{
		"name": "Shona Warrior",
		"uniqueTo": "Zimbabwe",
		"replaces": "Warrior",
		"unitType": "Melee",
		"movement": 2,
		"strength": 9,
		"cost": 40,
		"obsoleteTech": "Metal Casting",
		"upgradesTo": "Swordsman",
		"attackSound": "nonmetalhit"
	},
	{
		"name": "Jaguar",
		"unitType": "Melee",
		"uniqueTo": "Aztecs",
		"replaces": "Warrior",
		"movement": 2,
		"strength": 8,
		"cost": 40,
		"obsoleteTech": "Metal Casting",
		"uniques": ["[+33]% Strength <when fighting in [Forest] tiles>", "[+33]% Strength <when fighting in [Jungle] tiles>", "Heals [25] damage if it kills a unit"],
		"promotions": ["Woodsman"],
		"upgradesTo": "Swordsman",
		"attackSound": "nonmetalhit"
	},
	{
		"name": "Brute",
		"unitType": "Melee",
		"uniqueTo": "Barbarians",
		"replaces": "Warrior",
		"movement": 2,
		"strength": 8,
		"cost": 20,
		"obsoleteTech": "Metal Casting",
		"upgradesTo": "Swordsman",
		"attackSound": "nonmetalhit"
	},
	{
		"name": "Archer",
		"unitType": "Ranged",
		"movement": 2,
		"strength": 5,
		"rangedStrength": 7,
		"cost": 40,
		"requiredTech": "Archery",
		"obsoleteTech": "Construction",
		"upgradesTo": "Composite Bowman",
		"attackSound": "arrow"
	},
	{
		"name": "Bowman",
		"unitType": "Ranged",
		"movement": 2,
		"strength": 7,
		"rangedStrength": 9,
		"cost": 40,
		"requiredTech": "Archery",
		"obsoleteTech": "Construction",
		"replaces": "Archer",
		"uniqueTo": "Babylon",
		"upgradesTo": "Composite Bowman",
		"attackSound": "arrow"
	},
		{
		"name": "Matato'a",
		"unitType": "Ranged",
		"movement": 2,
		"strength": 5,
		"rangedStrength": 7,
		"cost": 40,
		"obsoleteTech": "Machinery",
		"replaces": "Archer",
		"uniqueTo": "Tonga",
		"upgradesTo": "Composite Bowman",
		"uniques": ["[+1] Sight","[+1] Movement"],
		"attackSound": "arrow"
	},
	{
		"name": "Slinger",
		"unitType": "Ranged",
		"uniqueTo": "Kingdom of Bormonov",
		"replaces": "Archer",
		"movement": 2,
		"strength": 5,
		"rangedStrength": 7,
		"cost": 40,
		"requiredTech": "Archery",
		"obsoleteTech": "Construction",
		"upgradesTo": "Composite Bowman",
		"promotions": ["Slinger Withdraw"],
		"attackSound": "arrow"
	},
	{
		"name": "Atlatlist", 
		"replaces": "Archer",
		"uniqueTo": "The Maya",
		"unitType": "Ranged",
		"movement": 2,
		"strength": 5,
		"rangedStrength": 7,
		"cost": 36,
		"requiredTech": "Agriculture",
		"obsoleteTech": "Construction",
		"upgradesTo": "Composite Bowman",
		"attackSound": "arrow"
	},
	{
		"name": "Work Boats",
		"unitType": "WaterCivilian",
		"movement": 4,
		"cost": 30,
		"requiredTech": "Sailing",
		"uniques": ["Cannot enter ocean tiles until Astronomy","May create improvements on water resources","Uncapturable"]
	},
		{
		"name": "Nelayan",
		"replaces": "Work Boats",
		"uniqueTo": "Brunei",
		"unitType": "Melee Water",
		"movement": 4,
		"strength": 10,
		"cost": 30,
		"requiredTech": "Sailing",
		"uniques": ["Can construct [Kampong Ayer]","Cannot attack","Cannot enter ocean tiles until Astronomy","May create improvements on water resources"]
	},
	{
		"name": "Trireme",
		"unitType": "Melee Water",
		"movement": 4,
		"strength": 10,
		"cost": 45,
		"requiredTech": "Sailing",
		"uniques": ["Cannot enter ocean tiles","Can move after attacking"],
		"upgradesTo": "Caravel",
		"obsoleteTech": "Astronomy",
		"attackSound": "nonmetalhit"
	},
		{
		"name": "Vejan Landship",
		"uniqueTo": "Pre Colonial Veja",
		"unitType": "Melee",
		"movement": 2,
		"strength": 12,
		"cost": 38,
		"requiredTech": "Sailing",
		"uniques": ["Can move after attacking", "Double movement in [Coast]", "Double movement in [Ocean]"],
		"upgradesTo": "Caravel",
		"obsoleteTech": "Astronomy",
		"attackSound": "nonmetalhit"
	},
	{
		"name": "Galley", 
		"unitType": "Melee Water",
		"uniqueTo": "Barbarians",
		"movement": 3,
		"strength": 7,
		"cost": 40,
		"uniques": ["Can move after attacking","Cannot enter ocean tiles"],
		"upgradesTo": "Trireme",
		"attackSound": "nonmetalhit"
	},
		{
		"name": "Longship", 
		"unitType": "Melee Water",
		"uniqueTo": "Denmark",
		"movement": 6,
		"strength": 10,
		"cost": 45,
		"uniques": ["Cannot enter ocean tiles","Can move after attacking"],
		"upgradesTo": "Trireme",
		"attackSound": "nonmetalhit"
	},
	{
		"name": "Chariot Archer",
		"unitType": "Mounted Ranged",
		"movement": 4,
		"strength": 6,
		"rangedStrength": 10,
		"cost": 56,
		"requiredTech": "The Wheel",
		"upgradesTo": "Knight",
		"obsoleteTech": "Chivalry",
		"uniques": ["No defensive terrain bonus","Rough terrain penalty","Consumes [1] [Horses]"],
		"attackSound": "arrow"
	},
		{
		"name": "Heavy Chariot",
		"replaces": "Chariot Archer",
		"uniqueTo": "Hittites",
		"unitType": "Ranged",
		"movement": 3,
		"strength": 10,
		"rangedStrength": 10,
		"cost": 56,
		"requiredTech": "The Wheel",
		"upgradesTo": "Knight",
		"obsoleteTech": "Chivalry",
		"uniques": ["No defensive terrain bonus","[+20]% Strength <when defending>","Rough terrain penalty","Consumes [1] [Horses]"],
		"attackSound": "arrow"
	},
	{
		"name": "War Chariot",
		"unitType": "Mounted Ranged",
		"uniqueTo": "Egypt",
		"replaces": "Chariot Archer",
		"movement": 5,
		"strength": 6,
		"rangedStrength": 10,
		"cost": 56,
		"requiredTech": "The Wheel",
		"upgradesTo": "Knight",
		"obsoleteTech": "Chivalry",
		"uniques": ["No defensive terrain bonus","Rough terrain penalty"],
		"attackSound": "arrow"
	},
	{
		"name": "War Elephant",
		"unitType": "Mounted Ranged",
		"uniqueTo": "India",
		"replaces": "Chariot Archer",
		"movement": 3,
		"strength": 9,
		"rangedStrength": 11,
		"cost": 70,
		"requiredTech": "The Wheel",
		"upgradesTo": "Knight",
		"promotions": ["Swift Charge"],
		"obsoleteTech": "Chivalry",
		"uniques": ["No defensive terrain bonus"],
		"attackSound": "horse"
	},
	{
		"name": "Hand-Axe", 
		"replaces": "Chariot Archer",
		"unitType": "Ranged",
		"uniqueTo": "Barbarians",
		"movement": 2,
		"strength": 9,
		"rangedStrength": 9,
		"range": 1,
		"cost": 56,
		"requiredTech": "The Wheel",
		"upgradesTo": "Knight",
		"attackSound": "nonmetalhit"
	},
	{
		"name": "Horse Archer", 
		"replaces": "Chariot Archer",
		"uniqueTo": "The Huns",
		"unitType": "Mounted Ranged",
		"movement": 4,
		"strength": 7,
		"rangedStrength": 10,
		"cost": 56,
		"requiredTech": "The Wheel",
		"upgradesTo": "Knight",
		"obsoleteTech": "Chivalry",
		"uniques": ["No defensive terrain bonus","Consumes [1] [Horses]"],
		"promotions": ["Accuracy I"],
		"attackSound": "arrow"	
	},
	{
		"name": "Spearman",
		"unitType": "Melee",
		"movement": 2,
		"strength": 11,
		"cost": 56,
		"requiredTech": "Bronze Working",
		"obsoleteTech": "Civil Service",
		"upgradesTo": "Pikeman",
		"uniques": ["[+50]% Strength <vs [Mounted] units>","[+50]% Strength <vs [Mounted Ranged] units>"],
		"attackSound": "metalhit"
	},
		{
		"name": "Phalanx",
		"replaces": "Spearman",
		"uniqueTo": "Sumeria",
		"unitType": "Melee",
		"movement": 2,
		"strength": 11,
		"cost": 54,
		"requiredTech": "Mining",
		"obsoleteTech": "Civil Service",
		"upgradesTo": "Pikeman",
		"uniques": ["[+50]% Strength <vs [Mounted] units>","[+50]% Strength <vs [Mounted Ranged] units>"],
		"attackSound": "metalhit"
	},
	{
		"name": "Hoplite",
		"replaces": "Spearman",
		"uniqueTo": "Greece",
		"unitType": "Melee",
		"movement": 2,
		"strength": 14,
		"cost": 56,
		"requiredTech": "Bronze Working",
		"obsoleteTech": "Civil Service",
		"upgradesTo": "Pikeman",
		"uniques": ["[+50]% Strength <vs [Mounted] units>","[+50]% Strength <vs [Mounted Ranged] units>"],
		"attackSound": "metalhit"
	},
		{
		"name": "Laputtu",
		"replaces": "Spearman",
		"uniqueTo": "Akkad",
		"unitType": "Melee",
		"movement": 2,
		"strength": 13,
		"cost": 56,
		"requiredTech": "Bronze Working",
		"obsoleteTech": "Civil Service",
		"upgradesTo": "Pikeman",
		"uniques": ["[+50]% Strength <vs [Mounted] units>","[+50]% Strength <vs [Mounted Ranged] units>"],
		"attackSound": "metalhit"
	},
	{
		"name": "Persian Immortal",
		"replaces": "Spearman",
		"uniqueTo": "Persia",
		"unitType": "Melee",
		"movement": 2,
		"strength": 12,
		"cost": 56,
		"requiredTech": "Bronze Working",
		"obsoleteTech": "Civil Service",
		"upgradesTo": "Pikeman",
		"uniques": ["[+50]% Strength <vs [Mounted] units>","[+10] HP when healing","[+50]% Strength <vs [Mounted Ranged] units>"],
		"attackSound": "metalhit"
	},
	{
		
		"name": "Pictish Warrior", 
		"unitType": "Melee",
		"uniqueTo": "Celts",
		"replaces": "Warrior",
		"movement": 2,
		"strength": 10,
		"cost": 45,
		"obsoleteTech": "Civil Service",
		"upgradesTo": "Swordsman",
		"uniques":["Earn [100]% of killed [Military] unit's [Strength] as [Faith]","May upgrade to [Pictish Swordsman] through ruins-like effects"],
		"attackSound": "metalhit"
	},
		{
		"name": "Pictish Swordsman", 
		"unitType": "Melee",
		"uniqueTo": "Celts",
		"movement": 2,
		"strength": 14,
		"cost": 75,
		"obsoleteTech": "Civil Service",
		"upgradesTo": "Longswordsman",
		"uniques":["Unbuildable","Earn [100]% of killed [Military] unit's [Strength] as [Faith]"],
		"attackSound": "metalhit"
	},
	
	/* Classical Era */
	{
		"name": "Catapult",
		"unitType": "Siege",
		"movement": 2,
		"strength": 7,
		"rangedStrength": 8,
		"cost": 75,
		"hurryCostModifier": 20,
		"requiredTech": "Mathematics",
		"obsoleteTech": "Physics",
		"upgradesTo": "Trebuchet",
		"promotions": ["Indirect Fire"],
		"uniques": ["[+200]% Strength <vs cities>","No defensive terrain bonus","Must set up to ranged attack"],
		"attackSound": "throw"
	},
	{
		"name": "Ballista",
		"unitType": "Siege",
		"replaces": "Catapult",
		"uniqueTo": "Rome",
		"movement": 2,
		"strength": 8,
		"rangedStrength": 10,
		"cost": 75,
		"hurryCostModifier": 20,
		"requiredTech": "Mathematics",
		"obsoleteTech": "Physics",
		"upgradesTo": "Trebuchet",
		"promotions": ["Indirect Fire"],
		"uniques": ["[+200]% Strength <vs cities>","No defensive terrain bonus","Must set up to ranged attack"],
		"attackSound": "throw"
	},	
	{
		"name": "Siege Tower", 
		"unitType": "Melee",
		"uniqueTo": "Assyria",
		"replaces": "Catapult",
		"movement": 2,
		"strength": 12,
		"cost": 75, 
		"hurryCostModifier": 20,
		"requiredTech": "Mathematics",
		"obsoleteTech": "Physics",
		"upgradesTo": "Trebuchet",
		"uniques": ["[+200]% Strength <vs cities>","No defensive terrain bonus","Can only attack [City] units"],
		"promotions": ["Cover I"],
		"attackSound": "metalhit"
	},
		{
		"name": "Dromon", 
		"unitType": "Ranged Water",
		"movement": 3,
		"strength": 6,
		"rangedStrength": 9,
		"cost": 56,
		"requiredTech": "Optics",
		"uniques": ["Cannot enter ocean tiles","[+45]% Strength <vs [Water] units>"],
		"upgradesTo": "Frigate",
		"obsoleteTech": "Astronomy",
		"attackSound": "nonmetalhit"
	},
			{
		"name": "Baghlah",
		"uniqueTo": "Oman",
		"replaces": "Dromon", 
		"unitType": "Ranged Water",
		"movement": 4,
		"strength": 8,
		"rangedStrength": 9,
		"cost": 56,
		"requiredTech": "Optics",
		"promotions": ["Coastal Raider I"],
		"uniques": ["Cannot enter ocean tiles","[+45]% Strength <vs [Water] units>","Earn [100]% of killed [Military] unit's [Strength] as [Faith]","Earn [100]% of killed [Military] unit's [Strength] as [Gold]"],
		"upgradesTo": "Frigate",
		"obsoleteTech": "Astronomy",
		"attackSound": "nonmetalhit"
	},
	{
		"name": "Composite Bowman",
		"unitType": "Ranged",
		"movement": 2,
		"strength": 7,
		"rangedStrength": 11,
		"cost": 75,
		"requiredTech": "Construction",
		"obsoleteTech": "Machinery",
		"upgradesTo": "Crossbowman",
		"attackSound": "arrow"
	},
		{
		"name": "Buffalo Hunter",
		"uniqueTo": "Sioux",
		"replaces": "Composite Bowman", 
		"unitType": "Ranged",
		"movement": 2,
		"strength": 8,
		"rangedStrength": 12,
		"cost": 75,
		"requiredTech": "Construction",
		"obsoleteTech": "Machinery",
		"upgradesTo": "Crossbowman",
		"attackSound": "arrow"
	},
		{
		"name": "Mpiambina", 
		"uniqueTo": "Madagascar",
		"unitType": "Ranged",
		"replaces": "Inquisitor",
		"movement": 3,
		"range": 1,
		"strength": 8,
		"rangedStrength": 14,
                "uniques": ["Can be purchased with [Faith] [in all cities in which the majority religion is an enhanced religion]", "Unbuildable", "Religious Unit"
		],
		"promotions": ["Sampy"],
		"attackSound": "arrow"
	},
	{
		"name": "Swordsman",
		"unitType": "Melee",
		"movement": 2,
		"strength": 14,
		"cost": 75,
		"hurryCostModifier": 20,
		"requiredTech": "Iron Working",
		"upgradesTo": "Longswordsman",
		"uniques": ["Consumes [1] [Iron]"],
		"obsoleteTech": "Steel",
		"attackSound": "metalhit"
	},
		{
		"name": "Ngao Mbeba",
		"uniqueTo": "Kongo",
		"replaces": "Swordsman",
		"unitType": "Melee",
		"movement": 2,
		"strength": 15,
		"cost": 75,
		"hurryCostModifier": 20,
		"requiredTech": "Iron Working",
		"upgradesTo": "Longswordsman",
		"uniques": ["Consumes [1] [Iron]","[+100]% Strength <when defending> <vs [Ranged] units>","Cannot attack"],
		"obsoleteTech": "Steel",
		"attackSound": "metalhit"
	},
		{
		"name": "Maccabee",
		"replaces": "Swordsman",
		"uniqueTo": "Israel",
		"unitType": "Melee",
		"movement": 2,
		"strength": 14,
		"cost": 60,
		"hurryCostModifier": 20,
		"requiredTech": "Iron Working",
		"upgradesTo": "Longswordsman",
		"uniques": ["Consumes [1] [Iron]","Earn [100]% of killed [Military] unit's [Strength] as [Faith]"],
		"obsoleteTech": "Steel",
		"attackSound": "metalhit"
	},
	{
		"name": "Legion",
		"unitType": "Melee",
		"uniqueTo": "Rome",
		"replaces": "Swordsman",
		"movement": 2,
		"strength": 17,
		"cost": 75,
		"hurryCostModifier": 20,
		"requiredTech": "Iron Working",
		"upgradesTo": "Longswordsman",
		"uniques": ["Can build [Road] improvements on tiles","Can build [Fort] improvements on tiles","Consumes [1] [Iron]"],
		"attackSound": "metalhit"
	},
	{
		"name": "Mohawk Warrior",
		"unitType": "Melee",
		"uniqueTo": "Iroquois",
		"replaces": "Swordsman",
		"movement": 2,
		"strength": 15,
		"cost": 75,
		"hurryCostModifier": 20,
		"requiredTech": "Iron Working",
		"upgradesTo": "Longswordsman",
		"obsoleteTech": "Gunpowder",
		"uniques": ["[+33]% Strength <when fighting in [Forest] tiles>","[+33]% Strength <when fighting in [Jungle] tiles>"],
		"attackSound": "metalhit"
	},
	{
		"name": "Kris Swordsman", 
		"replaces": "Swordsman",
		"unitType": "Melee",
		"uniqueTo": "Indonesia",
		"movement": 2,
		"strength": 15,
		"cost": 75,
		"hurryCostModifier": 20,
		"requiredTech": "Iron Working",
		"upgradesTo": "Longswordsman",
		"obsoleteTech": "Steel",
		"uniques": ["Consumes [1] [Iron]"],
		"promotions": ["Mystic Blade"],
		"attackSound": "metalhit"
	},
	{
		"name": "Horseman",
		"unitType": "Mounted",
		"movement": 4,
		"strength": 12,
		"cost": 75,
		"hurryCostModifier": 20,
		"requiredTech": "Horseback Riding",
		"upgradesTo": "Knight",
		"obsoleteTech": "Chivalry",
		"uniques": ["Can move after attacking","No defensive terrain bonus",
			"[-33]% Strength <vs cities>","Consumes [1] [Horses]"],
		"attackSound": "horse"
	},
		{
		"name": "Sparapet",
		"replaces": "Horseman",
		"uniqueTo": "Armenia",
		"unitType": "Mounted",
		"movement": 4,
		"strength": 17,
		"cost": 120,
		"hurryCostModifier": 20,
		"requiredTech": "Horseback Riding",
		"upgradesTo": "Knight",
		"uniques": ["Can move after attacking","No defensive terrain bonus",
			"[-33]% Strength <vs cities>","Consumes [2] [Horses]","Bonus for units in 2 tile radius 15%"],
		"attackSound": "horse"
	},
	{
		"name": "Cataphract", 
		"unitType": "Mounted",
		"replaces": "Horseman",
		"uniqueTo": "Byzantium",
		"movement": 3,
		"strength": 15,
		"cost": 75,
		"hurryCostModifier": 20,
		"requiredTech": "Horseback Riding",
		"obsoleteTech": "Metallurgy",
		"upgradesTo": "Knight",
		"uniques": ["Can move after attacking","[-33]% Strength <vs cities>",
			"Consumes [1] [Horses]"],
		"attackSound": "horse"		
	},
	{
		"name": "African Forest Elephant", 
		"unitType": "Mounted",
		"replaces": "Horseman",
		"uniqueTo": "Carthage",
		"movement": 3,
		"strength": 14,
		"cost": 75,
		"hurryCostModifier": 20,
		"requiredTech": "Horseback Riding",
		"upgradesTo": "Knight",
		"obsoleteTech": "Metallurgy",
		"uniques": ["Can move after attacking","No defensive terrain bonus",
			"[-33]% Strength <vs cities>","Consumes [1] [Horses]","[+20]% Strength <when attacking>"],
		"promotions": ["Feared Elephant","Great Generals II"],
		"attackSound": "horse"		
	},
			{
		"name": "Sarissophoroi",
		"uniqueTo": "Macedonia",
		"replaces": "Pikeman",
		"unitType": "Melee",
		"movement": 2,
		"strength": 14,
		"cost": 87,
		"requiredTech": "Philosophy",
		"uniques": ["[+100]% Strength <vs [Mounted] units>","[+100]% Strength <vs [Mounted Ranged] units>"],
		"upgradesTo": "Musketman",
		"obsoleteTech": "Gunpowder",
		"attackSound": "metalhit",
	},
	
	// Medieval Era

	{
		"name": "Crossbowman",
		"unitType": "Ranged",
		"movement": 2,
		"strength": 13,
		"rangedStrength": 18,
		"cost": 120,
		"requiredTech": "Machinery",
		"upgradesTo": "Gatling Gun",
		"obsoleteTech": "Industrialization",
		"attackSound": "arrow"
	},
		{
		"name": "Saethwyr",
		"uniqueTo": "Wales",
		"replaces": "Crossbowman",
		"unitType": "Ranged",
		"movement": 2,
		"strength": 15,
		"rangedStrength": 18,
		"cost": 120,
		"requiredTech": "Machinery",
		"upgradesTo": "Gatling Gun",
		"obsoleteTech": "Industrialization",
		"attackSound": "arrow"
	},
	{
		"name": "Chu-Ko-Nu",
		"unitType": "Ranged",
		"uniqueTo": "China",
		"movement": 2,
		"strength": 13,
		"rangedStrength": 14,
		"replaces": "Crossbowman",
		"cost": 120,
		"requiredTech": "Machinery",
		"upgradesTo": "Gatling Gun",
		"obsoleteTech": "Industrialization",
		"promotions": ["Logistics"],
		"attackSound": "arrow"
	},
		{
		"name": "Ballista Elephant",
		"unitType": "Mounted Ranged",
		"uniqueTo": "Khmer",
		"movement": 3,
		"strength": 20,
		"rangedStrength": 20,
		"replaces": "Crossbowman",
		"cost": 110,
		"requiredTech": "Machinery",
		"upgradesTo": "Gatling Gun",
		"obsoleteTech": "Industrialization",
		"promotions": ["Feared Elephant"],
		"uniques": ["[+100]% Strength <vs cities>","No defensive terrain bonus",
			"Must set up to ranged attack"],
		"attackSound": "arrow"
	},
	{
		"name": "Longbowman",
		"unitType": "Ranged",
		"range": 2,
		"movement": 2,
		"strength": 13,
		"rangedStrength": 18,
		"replaces": "Crossbowman",
		"uniqueTo": "England",
		"cost": 120,
		"requiredTech": "Machinery",
		"upgradesTo": "Gatling Gun",
		"obsoleteTech": "Industrialization",
		"promotions": ["Extended Range"],
		"attackSound": "arrow"
	},
	{
		"name": "Trebuchet",
		"unitType": "Siege",
		"movement": 2,
		"strength": 12,
		"rangedStrength": 14,
		"cost": 120,
		"requiredTech": "Physics",
		"obsoleteTech": "Chemistry",
		"upgradesTo": "Cannon",
		"promotions": ["Indirect Fire"],
		"uniques": ["[+200]% Strength <vs cities>","No defensive terrain bonus",
			"Must set up to ranged attack","[-1] Sight"],
		"attackSound": "throw"
	},
	{
		"name": "Hwach'a",
		"unitType": "Siege",
		"replaces": "Trebuchet",
		"uniqueTo": "Korea",
		"movement": 2,
		"strength": 11,
		"rangedStrength": 30,
		"cost": 100,
		"requiredTech": "Physics",
		"obsoleteTech": "Chemistry",
		"upgradesTo": "Cannon",
		"uniques": ["No defensive terrain bonus","Must set up to ranged attack"],
		"attackSound": "throw"
	},
	{
		"name": "Longswordsman",
		"unitType": "Melee",
		"movement": 2,
		"strength": 21,
		"cost": 120,
		"requiredTech": "Steel",
		"obsoleteTech": "Gunpowder",
		"upgradesTo": "Musketman",
		"uniques": ["Consumes [1] [Iron]"],
		"attackSound": "metalhit"
	},
		{
		"name": "Crusader",
		"replaces": "Longswordsman",
		"uniqueTo": "Jerusalem",
		"unitType": "Melee",
		"movement": 2,
		"strength": 17,
		"cost": 105,
		"requiredTech": "Theology",
		"obsoleteTech": "Gunpowder",
		"upgradesTo": "Musketman",
		"uniques": ["Consumes [1] [Iron]","May enter foreign tiles without open borders","[+20]% Strength in [Foreign Land]","Earn [150]% of killed [Military] unit's [Strength] as [Faith]"],
		"attackSound": "metalhit"
	},
			{
		"name": "Pedite",
		"replaces": "Longswordsman",
		"uniqueTo": "Normandy",
		"unitType": "Melee",
		"movement": 2,
		"strength": 18,
		"cost": 115,
		"requiredTech": "Metal Casting",
		"obsoleteTech": "Gunpowder",
		"upgradesTo": "Musketman",
		"promotions": ["Shock I"],
		"uniques": ["Consumes [1] [Iron]",],
		"attackSound": "metalhit"
	},
				{
		"name": "Koa",
		"replaces": "Longswordsman",
		"uniqueTo": "Polynesia",
		"unitType": "Melee",
		"movement": 2,
		"strength": 23,
		"cost": 120,
		"requiredTech": "Metal Casting",
		"obsoleteTech": "Rifling",
		"upgradesTo": "Musketman",
		"promotions": ["Amphibious"],
		"attackSound": "metalhit"
	},
	{
		"name": "Vejan Warlock", //adjusted
		"replaces": "Longswordsman",
		"uniqueTo": "Pre Colonial Veja",
		"unitType": "Melee",
		"movement": 2,
		"strength": 21,
		"cost": 120,
		"requiredTech": "Steel",
		"obsoleteTech": "Gunpowder",
		"upgradesTo": "Rifleman",
		"uniques": ["May create improvements on water resources", "Unlocked with [Monarchy]", "Founds a new city", "[+2] Sight", "May Paradrop up to [8] tiles from inside friendly territory","No Movement Cost to Pillage"],
		"promotions": ["Shock I","Great Generals II"],
		"attackSound": "metalhit"
	},
		{
		"name": "Seaxman", 
		"replaces": "Longswordsman",
		"uniqueTo": "Franks",
		"unitType": "Melee",
		"movement": 2,
		"strength": 22,
		"cost": 114,
		"requiredTech": "Chivalry",
		"obsoleteTech": "Gunpowder",
		"upgradesTo": "Musketman",
		"uniques": ["Consumes [1] [Iron]"],
		"promotions": ["Cover I","Amphibious"],
		"attackSound": "metalhit"
	},
			{
		"name": "Noble Swordsman", 
		"replaces": "Longswordsman",
		"uniqueTo": "Gaul",
		"unitType": "Melee",
		"movement": 2,
		"strength": 20,
		"cost": 105,
		"requiredTech": "Chivalry",
		"obsoleteTech": "Rifling",
		"upgradesTo": "Rifleman",
		"uniques": ["[+33]% Strength <when attacking>","[+50]% Strength <when fighting in [Forest] tiles>"],
		"attackSound": "metalhit"
	},
				{
		"name": "Gadrauht", 
		"replaces": "Longswordsman",
		"uniqueTo": "Goths",
		"unitType": "Melee",
		"movement": 2,
		"strength": 22,
		"cost": 108,
		"requiredTech": "Steel",
		"obsoleteTech": "Gunpowder",
		"upgradesTo": "Musketman",
		"attackSound": "metalhit"
	},
	{
		"name": "Berserker",
		"replaces": "Longswordsman",
		"uniqueTo": "Denmark",
		"unitType": "Melee",
		"movement": 3,
		"strength": 21,
		"cost": 120,
		"hurryCostModifier": 20,
		"requiredTech": "Metal Casting",
		"obsoleteTech": "Metallurgy",
		"upgradesTo": "Musketman",
		"promotions": ["Amphibious"],
		"uniques": ["Consumes [1] [Iron]"],
		"promotions": ["Shock I"],
		"attackSound": "metalhit"
	},
	{
		"name": "Pikeman",
		"unitType": "Melee",
		"movement": 2,
		"strength": 16,
		"cost": 90,
		"requiredTech": "Civil Service",
		"uniques": ["[+50]% Strength <vs [Mounted] units>","[+50]% Strength <vs [Mounted Ranged] units>"],
		"upgradesTo": "Lancer",
		"obsoleteTech": "Gunpowder",
		"attackSound": "metalhit",
	},
		{
		"name": "Pestininkas",
		"uniqueTo": "Lithuania",
		"replaces": "Pikeman",
		"unitType": "Melee",
		"movement": 2,
		"strength": 16,
		"cost": 60,
		"requiredTech": "Civil Service",
		"uniques": ["[+50]% Strength <vs [Mounted] units>","[+50]% Strength <vs [Mounted Ranged] units>"],
		"upgradesTo": "Lancer",
		"obsoleteTech": "Gunpowder",
		"attackSound": "metalhit",
	},
	{
		"name": "Landsknecht",
		"unitType": "Melee",
		"movement": 3,
		"strength": 16,
		"cost": 45,
		"requiredTech": "Civil Service",
		"uniques": ["[+50]% Strength <vs [Mounted] units>","Unlocked with [Mercenary Army]","[+50]% Strength <vs [Mounted Ranged] units>"],
		"upgradesTo": "Lancer",
		"attackSound": "metalhit"
	},
		{
		"name": "Swiss Guard",
		"uniqueTo": "Papal State",
		"replaces": "Landsknecht",
		"unitType": "Melee",
		"movement": 3,
		"strength": 25,
		"cost": 65,
		"requiredTech": "Economics",
		"promotions": ["Medic","Medic II"],
		"uniques": ["[+50]% Strength <vs [Mounted] units>","[+50]% Strength <vs [Mounted Ranged] units>","Earn [100]% of killed [Military] unit's [Strength] as [Faith]","Earn [100]% of killed [Military] unit's [Strength] as [Gold]"],
		"upgradesTo": "Rifleman",
		"attackSound": "metalhit"
	},
		{
		"name": "Ulan",
		"replaces": "Pikeman"
		"unitType": "Mounted",
		"uniqueTo": "Golden Horde",
		"movement": 4,
		"strength": 16,
		"cost": 90,
		"requiredTech": "Civil Service",
		"promotions": ["Ambush Formation I"],
		"uniques": ["Consumes [1] [Horses]","[+50]% Strength <vs [Mounted] units>","[+50]% Strength <vs [Mounted Ranged] units>"],
		"upgradesTo": "Lancer",
		"obsoleteTech": "Gunpowder",
		"attackSound": "metalhit"
	},
	{
		"name": "Impi", 
		"replaces": "Pikeman",
		"uniqueTo": "Zulu",
		"unitType": "Melee",
		"movement": 2,
		"strength": 16,
		"cost": 90,
		"requiredTech": "Civil Service",
		"uniques": ["[+25]% Strength <vs [Gunpowder] units>","[+50]% Strength <vs [Mounted] units>","[1] additional attacks per turn","[+50]% Strength <vs [Mounted Ranged] units>"],
		"upgradesTo": "Rifleman",
		"obsoleteTech": "Rifling",
		"attackSound": "metalhit"
	},
	{
		"name": "Galleass",
		"unitType": "Ranged Water",
		"movement": 3,
		"strength": 16,
		"rangedStrength": 17,
		"cost": 100,
		"requiredTech": "Compass",
		"obsoleteTech": "Navigation",
		"upgradesTo": "Frigate",
		"uniques": ["Cannot enter ocean tiles"],
		"attackSound": "arrow"
	},
	{
		"name": "Great Galleass", 
		"replaces": "Galleass",
		"unitType": "Ranged Water",
		"uniqueTo": "Venice",
		"movement": 3,
		"strength": 18,
		"rangedStrength": 20,
		"cost": 110,
		"requiredTech": "Compass",
		"obsoleteTech": "Navigation",
		"upgradesTo": "Frigate",
		"uniques": ["Cannot enter ocean tiles"],
		"attackSound": "arrow"
	},
	{
		"name": "Knight",
		"unitType": "Mounted",
		"movement": 4,
		"strength": 20,
		"cost": 120,
		"requiredTech": "Chivalry",
		"obsoleteTech": "Military Science",
		"upgradesTo": "Cavalry",
		"uniques": ["Can move after attacking","No defensive terrain bonus",
			"[-33]% Strength <vs cities>","Consumes [1] [Horses]"],
		"attackSound": "horse"
	},
		{
		"name": "Marathi Rider",
		"replaces": "Horseman",
		"uniqueTo": "Timurids",
		"unitType": "Bomber",
		"movement": 1,
		"strength": 21,
		"rangedStrength": 21,
		"range": 4,
		"cost": 120,
		"requiredTech": "Chivalry",
		"obsoleteTech": "Flight",
		"upgradesTo": "Great War Bomber",
		"uniques": ["Consumes [1] [Horses]"],
		"attackSound": "horse"
	},
		{
		"name": "Konnitsa",
		"uniqueTo": "Bulgaria",
		"replaces": "Knight",
		"unitType": "Mounted",
		"movement": 4,
		"strength": 20,
		"cost": 120,
		"requiredTech": "Chivalry",
		"obsoleteTech": "Military Science",
		"upgradesTo": "Cavalry",
		"uniques": ["Can move after attacking","No defensive terrain bonus",
			"[-33]% Strength <vs cities>","Consumes [1] [Horses]","1 additional attack per turn"],
		"attackSound": "horse"
	},
	{
		"name": "Camel Archer",
		"replaces": "Knight",
		"uniqueTo": "Arabia",
		"unitType": "Mounted Ranged",
		"movement": 4,
		"strength": 14,
		"rangedStrength": 20,
		"cost": 120,
		"requiredTech": "Chivalry",
		"obsoleteTech": "Military Science",
		"upgradesTo": "Cavalry",
		"uniques": ["Can move after attacking","No defensive terrain bonus","Consumes [1] [Horses]"],
		"attackSound": "arrow"
	},
	{
		"name": "Conquistador",
		"unitType": "Mounted",
		"movement": 4,
		"strength": 20,
		"cost": 135,
		"requiredTech": "Chivalry",
		"obsoleteTech": "Military Science",
		"upgradesTo": "Cavalry",
		"uniques": ["Unlocked with [Exploration]","Can move after attacking","No defensive terrain bonus","Founds a new city",
			"[+2] Sight","Defense bonus when embarked","Consumes [1] [Horses]"],
		"attackSound": "horse"
	},
		{
		"name": "Mamluk",
		"replaces": "Knight",
		"uniqueTo": "Ayyubids",
		"unitType": "Mounted",
		"movement": 4,
		"strength": 20,
		"cost": 128,
		"requiredTech": "Chivalry",
		"obsoleteTech": "Military Science",
		"upgradesTo": "Cavalry",
		"uniques": ["Can move after attacking","[-33]% Strength <vs cities>","[+50]% Strength <vs [Melee] units>","[+25]% Strength <vs [Gunpowder] units>","No defensive terrain bonus","Consumes [1] [Horses]"],
		"attackSound": "horse"
	},
		{
		"name": "Gaucho",
		"replaces": "Knight",
		"uniqueTo": "Argentina",
		"unitType": "Mounted",
		"movement": 5,
		"strength": 20,
		"cost": 120,
		"requiredTech": "Gunpowder",
		"obsoleteTech": "Military Science",
		"upgradesTo": "Cavalry",
		"uniques": ["Can move after attacking","No defensive terrain bonus","Can build [Farm] improvements on tiles","Can build [Pasture] improvements on tiles",
			"May withdraw before melee ([50%])","Consumes [1] [Horses]"],
		"attackSound": "horse"
	},
	{
		"name": "Naresuan's Elephant",
		"unitType": "Mounted",
		"replaces": "Knight",
		"uniqueTo": "Siam",
		"movement": 3,
		"strength": 25,
		"cost": 120,
		"requiredTech": "Chivalry",
		"obsoleteTech": "Military Science",
		"upgradesTo": "Cavalry",
		"uniques": ["Can move after attacking","No defensive terrain bonus","[+50]% Strength <vs [Mounted] units>","[+50]% Strength <vs [Mounted Ranged] units>","[-33]% Strength <vs cities>"],
		"attackSound": "shot"
	},
	{
		"name": "Mandekalu Cavalry",
		"replaces": "Knight",
		"uniqueTo": "Songhai",
		"unitType": "Mounted",
		"movement": 4,
		"strength": 20,
		"cost": 110,
		"requiredTech": "Chivalry",
		"obsoleteTech": "Military Science",
		"upgradesTo": "Cavalry",
		"uniques": ["Can move after attacking","No defensive terrain bonus","Consumes [1] [Horses]"],
		"attackSound": "horse"
	},
	{
		"name": "Keshik",
		"replaces": "Knight",
		"uniqueTo": "Mongolia",
		"unitType": "Mounted Ranged",
		"range": 2,
		"movement": 5,
		"strength": 17,
		"rangedStrength": 17,
		"cost": 120,
		"requiredTech": "Chivalry",
		"obsoleteTech": "Military Science",
		"upgradesTo": "Cavalry",
		"uniques": ["Can move after attacking","No defensive terrain bonus","Consumes [1] [Horses]"],
		"promotions": ["Great Generals I","Quick Study"],
		"attackSound": "arrow"
	},
		{
		"name": "Dhow",
		"replaces": "Caravel",
		"uniqueTo": "Kilwa",
		"unitType": "Melee Water",
		"movement": 4,
		"strength": 17,
		"cost": 105,
		"hurryCostModifier": 30,
		"requiredTech": "Compass",
		"upgradesTo": "Ironclad",
		"obsoleteTech": "Combustion",
		"promotions": ["Boarding Party I"],
		"uniques": ["[+1] Sight","Can move after attacking","May withdraw before melee ([50]%)"],
	},
	
	// Rennaisance Era

	{
		"name": "Caravel",
		"unitType": "Melee Water",
		"movement": 4,
		"strength": 20,
		"cost": 120,
		"hurryCostModifier": 30,
		"requiredTech": "Astronomy",
		"upgradesTo": "Ironclad",
		"obsoleteTech": "Combustion",
		"uniques": ["[+1] Sight","Can move after attacking","May withdraw before melee ([50]%)"],
	},
	{
		"name": "Turtle Ship",
		"unitType": "Melee Water",
		"replaces": "Caravel",
		"uniqueTo": "Korea",
		"movement": 4,
		"strength": 36,
		"cost": 120,
		"hurryCostModifier": 30,
		"requiredTech": "Astronomy",
		"upgradesTo": "Ironclad",
		"obsoleteTech": "Combustion",
		"uniques": ["Can move after attacking","Cannot enter ocean tiles"],
	},
	{
		"name": "Nau", 
		"uniqueTo": "Portugal",
		"replaces": "Caravel",
		"unitType": "Melee Water",
		"movement": 5,
		"strength": 20,
		"cost": 120,
		"hurryCostModifier": 30,
		"requiredTech": "Astronomy",
		"upgradesTo": "Ironclad",
		"obsoleteTech": "Combustion",
		"uniques": ["Can move after attacking","[+1] Sight","May withdraw before melee","Can undertake a trade mission with City-State, giving a large sum of gold and [30] Influence"],
	},
	{
		"name": "Cannon",
		"unitType": "Siege",
		"movement": 2,
		"strength": 14,
		"rangedStrength": 20,
		"cost": 185,
		"requiredTech": "Chemistry",
		"upgradesTo": "Artillery",
		"obsoleteTech": "Dynamite",
		"promotions": ["Indirect Fire"],		
		"uniques": ["[+200]% Strength <vs cities>","No defensive terrain bonus","Must set up to ranged attack","[-1] Sight"],
	},
		{
		"name": "Akyat Cannon",
		"replaces": "Cannon",
		"uniqueTo": "Burma",
		"unitType": "Siege",
		"movement": 2,
		"strength": 12,
		"rangedStrength": 14,
		"range": 3,
		"cost": 120,
		"requiredTech": "Gunpowder",
		"upgradesTo": "Artillery",
		"obsoleteTech": "Dynamite",
		"promotions": ["Indirect Fire"],		
		"uniques": ["[+200]% Strength <vs cities>","No defensive terrain bonus","Must set up to ranged attack","[-1] Sight"],
	},
	{
		"name": "Musketman",
		"unitType": "Gunpowder",
		"movement": 2,
		"strength": 24,
		"cost": 150,
		"requiredTech": "Gunpowder",
		"upgradesTo": "Rifleman",
		"obsoleteTech": "Rifling",
		"attackSound": "shot"
	},
	{
		"name": "Musketeer",
		"unitType": "Gunpowder",
		"replaces": "Musketman",
		"uniqueTo": "France",
		"movement": 2,
		"strength": 28,
		"cost": 150,
		"requiredTech": "Gunpowder",
		"upgradesTo": "Rifleman",
		"obsoleteTech": "Rifling",
		"attackSound": "shot"
	},
		{
		"name": "Black Arquebusier",
		"unitType": "Gunpowder",
		"replaces": "Musketman",
		"uniqueTo": "Hungary",
		"movement": 2,
		"strength": 24,
		"cost": 135,
		"requiredTech": "Gunpowder",
		"upgradesTo": "Rifleman",
		"promotions": ["Shock I"],
		"obsoleteTech": "Rifling",
		"attackSound": "shot"
	},
	{
		"name": "Janissary",
		"unitType": "Gunpowder",
		"replaces": "Musketman",
		"uniqueTo": "The Ottomans",
		"movement": 2,
		"strength": 24,
		"cost": 120,
		"requiredTech": "Gunpowder",
		"upgradesTo": "Rifleman",
		"obsoleteTech": "Rifling",
		"uniques": ["Heals [50] damage if it kills a unit","[+25]% Strength <when attacking>"],
		"attackSound": "shot"
	},
	{
		"name": "Minuteman",
		"unitType": "Gunpowder",
		"replaces": "Musketman",
		"uniqueTo": "America",
		"movement": 2,
		"strength": 24,
		"cost": 150,
		"requiredTech": "Gunpowder",
		"upgradesTo": "Rifleman",
		"obsoleteTech": "Rifling",
		"promotions": ["Ignores terrain cost"],
		"promotions": ["Drill I"],
		"attackSound": "shot"
	},
	{
		"name": "Tercio",
		"unitType": "Melee",
		"replaces": "Musketman",
		"uniqueTo": "Spain",
		"movement": 2,
		"strength": 26,
		"cost": 160,
		"requiredTech": "Gunpowder",
		"upgradesTo": "Rifleman",
		"obsoleteTech": "Rifling",
		"uniques": ["[+50]% Strength <vs [Mounted] units>","[+50]% Strength <vs [Mounted Ranged] units>"],
		"attackSound": "shot"
	},
{
		"name": "Privateer",
		"unitType": "Melee Water",
		"movement": 5,
		"strength": 27,
		"cost": 150,
		"requiredTech": "Navigation",
		"upgradesTo": "Destroyer",
		"promotions": ["Coastal Raider I"],
		"uniques": ["May capture killed [Water] units"],
		"attackSound": "cannon"
	},
{
		"name": "Sea Beggar",
		"unitType": "Melee Water",
		"replaces": "Privateer",
		"uniqueTo": "The Netherlands",
		"movement": 5,
		"strength": 25,
		"cost": 150,
		"requiredTech": "Navigation",
		"upgradesTo": "Destroyer",
		"promotions": ["Coastal Raider I", "Coastal Raider II", "Supply"],
		"uniques": ["May capture killed [Water] units"]
	},
	{
		"name": "Frigate",
		"unitType": "Ranged Water",
		"movement": 5,
		"strength": 23,
		"rangedStrength": 25,
		"cost": 185,
		"hurryCostModifier": 20,
		"requiredTech": "Navigation",
		"obsoleteTech": "Electronics",
		"upgradesTo": "Battleship",
		"uniques": ["Consumes [1] [Iron]"]
	},
	{
		"name": "Ship of the Line",
		"unitType": "Ranged Water",
		"replaces": "Frigate",
		"uniqueTo": "England",
		"movement": 5,
		"strength": 25,
		"rangedStrength": 30,
		"cost": 170,
		"hurryCostModifier": 20,
		"requiredTech": "Navigation",
		"obsoleteTech": "Electronics",
		"upgradesTo": "Battleship",
		"uniques": ["[+1] Sight","Consumes [1] [Iron]"]
	},
	{
		"name": "Lancer",
		"unitType": "Mounted",
		"movement": 4,
		"strength": 25,
		"cost": 185,
		"requiredTech": "Metallurgy",
		"obsoleteTech": "Combined Arms",
		"upgradesTo": "Anti-Tank Gun",
		"promotions": ["Ambush Formation I"],
		"uniques": ["Can move after attacking","No defensive terrain bonus",
			"[-33]% Strength <vs cities>","Consumes [1] [Horses]"],
		"attackSound": "horse"
	},
		{
		"name": "Grenadine Cavalry",
		"uniqueTo": "The Moors",
		"replaces": "Lancer",
		"unitType": "Mounted Ranged",
		"movement": 4,
		"strength": 25,
		"range": 2,
		"rangedStrength": 29,
		"cost": 185,
		"requiredTech": "Metallurgy",
		"obsoleteTech": "Combined Arms",
		"upgradesTo": "Anti-Tank Gun",
		"uniques": ["No defensive terrain bonus","Consumes [1] [Horses]"],
		"attackSound": "arrow"
	},
	{
		"name": "Sipahi",
		"unitType": "Mounted",
		"replaces": "Lancer",
		"uniqueTo": "The Ottomans",
		"movement": 5,
		"strength": 25,
		"cost": 148, 
		"requiredTech": "Gunpowder",
		"obsoleteTech": "Combined Arms",
		"upgradesTo": "Anti-Tank Gun",
		"promotions": ["Ambush Formation I"],
		"uniques": ["Can move after attacking","No defensive terrain bonus","[-33]% Strength <vs cities>",
			"[+1] Sight","No movement cost to pillage","Consumes [1] [Horses]"],
		"attackSound": "horse"
	},
	{
		"name": "Winged Hussar", 
		"replaces": "Lancer",
		"uniqueTo": "Poland",
		"unitType": "Mounted",
		"movement": 5,
		"strength": 28,
		"cost": 185,
		"requiredTech": "Metallurgy",
		"obsoleteTech": "Combined Arms",
		"upgradesTo": "Anti-Tank Gun",
		"uniques": ["Can move after attacking","No defensive terrain bonus",
			"[-33]% Strength <vs cities>","Consumes [1] [Horses]"],
		"promotions": ["Shock I","Ambush Formation I","Heavy Charge"],
		"attackSound": "horse"
	},
	
	// Industrial Era

	{
		"name": "Archaeologist",
		"unitType": "Civilian",
		"movement": 4,
		"cost": 200,
		"requiredTech": "Archaeology",
		"uniques": ["Can construct [Archaeological Dig]","Requires [University]","Cannot be purchased"]
	},
	{
		"name": "Gatling Gun",
		"unitType": "Ranged",
		"range": 1,
		"movement": 2,
		"strength": 30,
		"rangedStrength": 30,
		"cost": 225,
		"requiredTech": "Industrialization",
		"upgradesTo": "Machine Gun",
		"obsoleteTech": "Ballistics",
		"attackSound": "machinegun"
	},
		{
		"name": "Vanator",
		"replaces": "Gatling Gun",
		"unitType": "Ranged",
		"uniqueTo": "Romania",
		"range": 2,
		"movement": 2,
		"strength": 31,
		"rangedStrength": 30,
		"cost": 225,
		"requiredTech": "Industrialization",
		"upgradesTo": "Machine Gun",
		"obsoleteTech": "Ballistics",
		"attackSound": "machinegun"
	},
			{
		"name": "Tachanka",
		"replaces": "Gatling Gun",
		"unitType": "Mounted Ranged",
		"uniqueTo": "Greyskull",
		"range": 2,
		"movement": 4,
		"strength": 30,
		"rangedStrength": 30,
		"cost": 225,
		"requiredTech": "Industrialization",
		"upgradesTo": "Machine Gun",
		"uniques": ["No defensive terrain bonus","Rough terrain penalty","[+33]% Strength <vs [Mounted] units>","[+33]% Strength <vs [Mounted Ranged] units>"],
		"obsoleteTech": "Ballistics",
		"attackSound": "machinegun"
	},
	{
		"name": "Rifleman",
		"unitType": "Gunpowder",
		"movement": 2,
		"strength": 34,
		"cost": 225,
		"requiredTech": "Rifling",
		"obsoleteTech": "Replaceable Parts",
		"upgradesTo": "Great War Infantry",
		"attackSound": "shot"
	},	
		{
		"name": "Gallowglass",
		"uniqueTo": "Scotland",
		"replaces": "Rifleman",
		"unitType": "Melee",
		"movement": 2,
		"strength": 29,
		"cost": 180,
		"requiredTech": "Metallurgy",
		"obsoleteTech": "Replaceable Parts",
		"promotions": ["Volley","Altitude Training"],
		"uniques": ["Consumes [1] [Iron]"],
		"upgradesTo": "Great War Infantry",
		"attackSound": "shot"
	},
			{
		"name": "Landwehr",
		"uniqueTo": "Prussia",
		"replaces": "Rifleman",
		"unitType": "Melee",
		"movement": 2,
		"strength": 29,
		"cost": 180,
		"requiredTech": "Military Science",
		"obsoleteTech": "Replaceable Parts",
		"promotions": ["Blitz","Quick Study"],
		"uniques": ["Consumes [1] [Iron]"],
		"upgradesTo": "Great War Infantry",
		"attackSound": "shot"
	},
		{
		"name": "Combat Engineer",
		"replaces": "Rifleman",
		"uniqueTo": "Canada",
		"unitType": "Gunpowder",
		"movement": 3,
		"strength": 34,
		"cost": 225,
		"requiredTech": "Industrialization",
		"obsoleteTech": "Replaceable Parts",
		"replacementTextForUniques": "Can construct Roads, Railroads, Forts and remove: Forest, Marsh and Jungle tiles", 
		"uniques": ["Can build [All Road] improvements on tiles","Can build [Fort] improvements on tiles","Can build [Remove Marsh] improvements on tiles",],
		"upgradesTo": "Great War Infantry",
		"attackSound": "shot"
	},	
	{
		"name": "Carolean", 
		"replaces": "Musketman",
		"unitType": "Gunpowder",
		"uniqueTo": "Sweden",
		"movement": 2,
		"strength": 24,
		"cost": 150,
		"requiredTech": "Rifling",
		"obsoleteTech": "Replaceable Parts",
		"upgradesTo": "Great War Infantry",
		"promotions": ["March"],
		"attackSound": "shot"
	},
	{
		"name": "Mehal Sefari", 
		"replaces": "Rifleman",
		"uniqueTo": "Ethiopia",
		"unitType": "Gunpowder",
		"movement": 2,
		"strength": 34,
		"cost": 200,
		"requiredTech": "Rifling",
		"obsoleteTech": "Replaceable Parts",
		"upgradesTo": "Great War Infantry",
		"promotions": ["Drill I"],
		"uniques": ["[+40]% Strength <when fighting in [Friendly Land] tiles>"],
		"attackSound": "shot"
	},
		{
		"name": "Fenian", 
		"replaces": "Rifleman",
		"uniqueTo": "Ireland",
		"unitType": "Gunpowder",
		"movement": 2,
		"strength": 34,
		"cost": 165,
		"requiredTech": "Rifling",
		"obsoleteTech": "Replaceable Parts",
		"upgradesTo": "Great War Infantry",
		"uniques": ["[+20]% Strength <when fighting in [Friendly Land] tiles>"],
		"attackSound": "shot"
	},
	{
		"name": "Carrier",
		"unitType": "Aircraft Carrier",
		"movement": 5,
		"strength": 70,
		"rangedStrength": 70,
		"cost": 420,
		"requiredTech": "Electronics",
        "uniques": ["Can carry [2] [Aircraft] units","Cannot attack"]
	},
	{
		"name": "Triplane",
		"unitType": "Fighter",
		"movement": 1,
		"strength": 35,
		"rangedStrength": 35,
		"range": 5,
		"interceptRange": 5,
		"cost": 330,
		"requiredTech": "Flight",
		"upgradesTo": "Fighter",
		"obsoleteTech": "Radar",
		"uniques": ["[50]% chance to intercept air attacks","[+150]% Strength <vs [Bomber] units>","[+150]% Strength <vs [Helicopter] units>",
			"Consumes [1] [Oil]"],
		"attackSound": "shot"
	},
	{
		"name": "Great War Bomber",
		"unitType": "Bomber",
		"movement": 1,
		"strength": 50,
		"rangedStrength": 50,
		"range": 6,
		"cost": 330,
		"requiredTech": "Flight",
		"obsoleteTech": "Radar",
		"upgradesTo": "Bomber",
		"uniques": ["Consumes [1] [Oil]"],
		"attackSound": "shot"
	},
	{
		"name": "Cavalry",
		"unitType": "Mounted",
		"movement": 4,
		"strength": 34,
		"cost": 225,
		"requiredTech": "Military Science",
		"obsoleteTech": "Combustion",
		"upgradesTo": "Landship",
		"uniques": ["Can move after attacking","No defensive terrain bonus",
			"[-33]% Strength <vs cities>","Consumes [1] [Horses]"],
		"attackSound": "horse"
	},
	{
		"name": "Cossack",
		"unitType": "Mounted",
		"replaces": "Cavalry",
		"uniqueTo": "Russia",
		"movement": 4,
		"strength": 34,
		"cost": 225,
		"requiredTech": "Military Science",
		"obsoleteTech": "Combustion",
		"upgradesTo": "Landship",
		"uniques": ["Can move after attacking","No defensive terrain bonus",
			"[-33]% Strength <vs cities>","[+33]% Strength <vs [Wounded] units>","Consumes [1] [Horses]"],
		"attackSound": "horse"
	},
		{
		"name": "Qianlong Cavalry",
		"unitType": "Mounted",
		"replaces": "Cavalry",
		"uniqueTo": "Manchuria",
		"movement": 5,
		"strength": 34,
		"cost": 225,
		"requiredTech": "Military Science",
		"obsoleteTech": "Combustion",
		"upgradesTo": "Landship",
		"promotions": ["Great Generals I"],
		"uniques": ["Can move after attacking","No defensive terrain bonus",
			"[-33]% Strength <vs cities>","Consumes [1] [Horses]"],
		"attackSound": "horse"
	},
{
		"name": "Hussar",
		"unitType": "Mounted",
		"replaces": "Cavalry",
		"uniqueTo": "Austria",
		"movement": 5,
		"strength": 34,
		"cost": 225,
		"requiredTech": "Military Science",
		"obsoleteTech": "Combustion",
		"upgradesTo": "Landship",
		"uniques": ["Can move after attacking","No defensive terrain bonus","[-33]% Strength <vs cities>",
			"[+1] Sight", "[+50]% to Flank Attack bonuses" ,"Consumes [1] [Horses]"],
		"attackSound": "horse"
	},
	{
		"name": "Berber Cavalry", 
		"replaces": "Cavalry",
		"unitType": "Mounted",
		"uniqueTo": "Morocco",
		"movement": 4,
		"strength": 34,
		"cost": 225,
		"requiredTech": "Military Science",
		"obsoleteTech": "Combustion",
		"upgradesTo": "Landship",
		"promotions": ["Homeland Guardian","Desert Warrior"],
		"uniques": ["Can move after attacking","No defensive terrain bonus",
			"[-33]% Strength <vs cities>","Consumes [1] [Horses]"],
		"attackSound": "horse"	
	},
	{
		"name": "Comanche Riders", 
		"unitType": "Mounted",
		"replaces": "Cavalry",
		"uniqueTo": "Shoshone",
		"movement": 5,
		"strength": 34,
		"cost": 200,
		"requiredTech": "Military Science",
		"obsoleteTech": "Combustion",
		"upgradesTo": "Landship",
		"uniques": ["Can move after attacking","No defensive terrain bonus",
			"[-33]% Strength <vs cities>","Consumes [1] [Horses]"],
		"attackSound": "horse"
	},
	{
		"name": "Artillery",
		"unitType": "Siege",
		"movement": 2,
		"strength": 21,
		"rangedStrength": 28,
		"range": 3,
		"cost": 250,
		"requiredTech": "Dynamite",
		"upgradesTo": "Rocket Artillery",
		"uniques": ["[+200]% Strength <vs cities>","No defensive terrain bonus","Must set up to ranged attack",
			"[-1] Sight","Ranged attacks may be performed over obstacles"]
	},
		{
		"name": "Rocket Corps",
		"uniqueTo": "Mysore",
		"replaces": "Artillery",
		"unitType": "Siege",
		"movement": 2,
		"strength": 24,
		"rangedStrength": 28,
		"range": 3,
		"cost": 250,
		"requiredTech": "Dynamite",
		"upgradesTo": "Rocket Artillery",
		"uniques": ["[+200]% Strength <vs cities>","[+25]% Strength <vs [Melee] units>","[+25]% Strength <vs [Gunpowder] units>","No defensive terrain bonus",
			"[-1] Sight","Ranged attacks may be performed over obstacles"]
	},
	{
		"name": "Ironclad",
		"unitType": "Melee Water",
		"movement": 3,
		"strength": 45,
		"cost": 250,
		"requiredTech": "Steam Power",
		"upgradesTo": "Destroyer",
		"obsoleteTech": "Combustion",
		"uniques": ["[+33]% Strength <vs cities>","Double movement in [Coast]","Consumes [1] [Coal]","Can move after attacking"]
	},
		{
		"name": "Airship", 
		"unitType": "Helicopter",
		"movement": 4,
		"strength": 15,
		"cost": 250,
		"requiredTech": "Steam Power",
		"uniques": ["[+3] Sight",
			"No defensive terrain bonus"],
		"attackSound": "shot"
	},

	// Modern era
	{
		"name": "Fighter",
		"unitType": "Fighter",
		"movement": 1,
		"strength": 45,
		"rangedStrength": 45,
		"range": 8,
		"interceptRange": 8,
		"cost": 420,
		"requiredTech": "Radar",
		"upgradesTo": "Jet Fighter",
		"promotions": ["Air Recon"],
		"uniques": ["[100]% chance to intercept air attacks","[+150]% Strength <vs [Bomber] units>","[+150]% Strength <vs [Helicopter] units>",
			"Consumes [1] [Oil]"],
		"attackSound": "shot"
	},
	{
		"name": "Bomber",
		"unitType": "Bomber",
		"movement": 1,
		"strength": 65,
		"rangedStrength": 65,
		"range": 10,
		"cost": 420,
		"requiredTech": "Radar",
		"upgradesTo": "Stealth Bomber",
		"uniques": ["Consumes [1] [Oil]"],
		"attackSound": "shot"
	},
	{
		"name": "Landship",
		"unitType": "Armored",
		"movement": 4,
		"strength": 60,
		"cost": 390,
		"requiredTech": "Combustion",
		"obsoleteTech": "Combined Arms",
		"upgradesTo": "Tank",
		"uniques": ["Can move after attacking","[+50]% Strength <vs [Land] units>","No defensive terrain bonus","Consumes [1] [Oil]"]
	},
	{
		"name": "Destroyer",
		"unitType": "Melee Water",
		"movement": 6,
		"strength": 55,
		"interceptRange": 2,
		"cost": 420,
		"requiredTech": "Combustion",
		"uniques": ["Can move after attacking","Can see invisible [Submarine] units","[40]% chance to intercept air attacks","May withdraw before melee ([80]%)","[+100]% Strength <vs [Submarine] units>"]
	},
	{
		"name": "Battleship",
		"unitType": "Ranged Water",
		"movement": 5,
		"strength": 55,
		"rangedStrength": 55,
		"range": 3,
		"cost": 420,
		"requiredTech": "Electronics",
		"uniques": ["Ranged attacks may be performed over obstacles","[+100]% Strength <vs [Submarine] units>",
			"[+30]% Strength <vs cities>","Consumes [1] [Oil]"]
	},
	{
		"name": "Submarine",
		"unitType": "Submarine",
		"movement": 5,
		"strength": 35,
		"rangedStrength": 60,
		"cost": 360,
		"requiredTech": "Refrigeration",
		"upgradesTo": "Nuclear Submarine",
		"obsoleteTech": "Telecommunications",
		"uniques": ["[+75]% Strength <when attacking>","Invisible to others","Can only attack [Water] tiles",
			"Can see invisible [Submarine] units","Can enter ice tiles"]
	},
	{
		"name": "Great War Infantry",
		"unitType": "Gunpowder",
		"movement": 2,
		"strength": 50,
		"cost": 330,
		"requiredTech": "Replaceable Parts",
		"upgradesTo": "Infantry",
		"obsoleteTech": "Plastics",
		"attackSound": "shot"
	},
		{
		"name": "Ski Infantry",
		"unitType": "Gunpowder",
		"replaces": "Great War Infantry",
		"uniqueTo": "Norway",
		"movement": 2,
		"strength": 50,
		"cost": 330,
		"requiredTech": "Replaceable Parts",
		"obsoleteTech": "Plastics",
		"upgradesTo": "Infantry",
		"promotions": ["Ski Infantry","Drill I","Drill II"],
		"attackSound": "shot"
	},
		{
		"name": "Force Publique",
		"uniqueTo": "Belgium",
		"replaces": "Great War Infantry",
		"unitType": "Gunpowder",
		"movement": 2,
		"strength": 51,
		"cost": 330,
		"requiredTech": "Replaceable Parts",
		"promotions": ["Drill I","Charge"],
		"upgradesTo": "Infantry",
		"obsoleteTech": "Plastics",
		"attackSound": "shot"
	},
			{
		"name": "Kuva-yi Milliye",
		"uniqueTo": "Turkey",
		"replaces": "Great War Infantry",
		"unitType": "Gunpowder",
		"movement": 3,
		"strength": 47,
		"cost": 330,
		"requiredTech": "Replaceable Parts",
		"uniques": ["[+15]% Strength <when attacking>"]
		"upgradesTo": "Infantry",
		"obsoleteTech": "Plastics",
		"attackSound": "shot"
	},
			{
		"name": "Voortrekker",
		"uniqueTo": "Boers",
		"replaces": "Great War Infantry",
		"unitType": "Gunpowder",
		"movement": 2,
		"strength": 50,
		"cost": 300,
		"requiredTech": "Replaceable Parts",
		"uniques": ["Heals [100] damage if it kills a unit","[+25]% Strength <when defending>","Can build [Farm] improvements on tiles"]
		"upgradesTo": "Infantry",
		"obsoleteTech": "Plastics",
		"attackSound": "shot"
	},
	{
		"name": "Foreign Legion",
		"unitType": "Gunpowder",
		"movement": 3,
		"strength": 42,
		"cost": 270,
		"requiredTech": "Replaceable Parts",
		"upgradesTo": "Infantry",
		"promotions": ["Ambush Formation I"],
		"uniques": ["[+20]% Strength <when fighting in [Foreign Land] tiles>","Unlocked with [Mercenary Army]"],
		"attackSound": "shot"
	},
	{
		"name": "Paratrooper",
		"unitType": "Gunpowder",
		"movement": 2,
		"strength": 65,
		"cost": 450,
		"requiredTech": "Radar",
		"uniques": ["May Paradrop up to [5] tiles from inside friendly territory","No Movement Cost to Pillage"],
		"attackSound": "shot"
	},

	// Information Era

	{
		"name": "Machine Gun",
		"unitType": "Ranged",
		"range": 1,
		"movement": 2,
		"strength": 50,
		"rangedStrength": 50,
		"cost": 390,
		"requiredTech": "Ballistics",
		"upgradesTo": "Bazooka",
		"promotions": ["Logistics"],
		"obsoleteTech": "Nuclear Fission",
		"attackSound": "machinegun"
	},
		{
		"name": "Sissi",
		"replaces": "Machine Gun",
		"uniqueTo": "Finland",
		"unitType": "Ranged",
		"range": 1,
		"movement": 3,
		"strength": 50,
		"rangedStrength": 60,
		"cost": 390,
		"requiredTech": "Ballistics",
		"upgradesTo": "Bazooka",
		"obsoleteTech": "Nuclear Fission",
		"promotions": ["Ignores terrain cost"],
		"uniques": ["Ignores terrain cost","[+25]% Strength <vs [Armored] units>","No movement cost to pillage"]
		"attackSound": "machinegun"
	},
	{
		"name": "Anti-Aircraft Gun",
		"unitType": "Gunpowder",
		"movement": 2,
		"interceptRange": 2,
		"strength": 50,
		"cost": 420,
		"requiredTech": "Ballistics",
		"upgradesTo": "Mobile SAM",
		"obsoleteTech": "Rocketry",
		"uniques": ["[100]% chance to intercept air attacks","[+150]% Strength <vs [Air] units>"],
		"attackSound": "machinegun"
	},
	{
		"name": "Tank",
		"unitType": "Armored",
		"movement": 5,
		"strength": 70,
		"cost": 450,
		"requiredTech": "Combined Arms",
		"obsoleteTech": "Lasers",
		"upgradesTo": "Modern Armor",
		"uniques": ["Can move after attacking","[+50]% Strength <vs [Land] units>","No defensive terrain bonus","Consumes [1] [Oil]"]
	},
	{
		"name": "Panzer",
		"unitType": "Armored",
		"uniqueTo": "Germany",
		"replaces": "Tank",
		"movement": 6,
		"strength": 80,
		"cost": 450,
		"requiredTech": "Combined Arms",
		"obsoleteTech": "Lasers",
		"uniques": ["Can move after attacking","No defensive terrain bonus","[+50]% Strength <vs [Land] units>","Consumes [1] [Oil]"]
	},
	{
		"name": "Anti-Tank Gun",
		"unitType": "Gunpowder",
		"movement": 2,
		"strength": 50,
		"cost": 360,
		"requiredTech": "Combined Arms",
		"upgradesTo": "Helicopter Gunship",
		"uniques": ["[+200]% Strength <vs [Armored] units>"]
	},
	{
		"name": "Rocket Artillery",
		"unitType": "Siege",
		"movement": 2,
		"strength": 45,
		"rangedStrength": 60,
		"range": 3,
		"cost": 510,
		"requiredTech": "Rocketry",
		"uniques": ["[+200]% Strength <vs cities>","No defensive terrain bonus","[-1] Sight",
			"Ranged attacks may be performed over obstacles"]
	},
	{
		"name": "Nuclear Missile",
		"unitType": "Missile",
		"movement": 1,
		"strength": 300,
		"rangedStrength": 300,
		"range": 12,
		"cost": 1500,
		"requiredTech": "Advanced Ballistics",
		"uniques": ["Nuclear weapon of Strength [2]", "Requires [Manhattan Project]",
			"Blast radius [2]", "Consumes [2] [Uranium]","Cannot be purchased"]
	},{
		"name": "Guided Missile",
		"unitType": "Missile",
		"movement": 1,
		"strength": 60,
		"rangedStrength": 60,
		"range": 8,
		"cost": 150,
		"requiredTech": "Advanced Ballistics",
	},
	{
		"name": "Marine", 
		"unitType": "Gunpowder",
		"movement": 2,
		"strength": 80,
		"cost": 400,
		"requiredTech": "Pharmaceuticals",
		"uniques": ["Defense bonus when embarked","[+1] visibility when [embarked]"],
		"promotions": ["Amphibious"],
		"attackSound": "shot"
	},	
	{
		"name": "Bazooka", 
		"unitType": "Ranged",
		"range": 1,
		"movement": 2,
		"strength": 80,
		"rangedStrength": 80,
		"cost": 450,
		"promotions": ["Logistics"],
		"requiredTech": "Nuclear Fission",
		"attackSound": "machinegun"
	},
	{
		"name": "Infantry",
		"unitType": "Gunpowder",
		"movement": 2,
		"strength": 70,
		"cost": 420,
		"requiredTech": "Electronics",
		"upgradesTo": "Mechanized Infantry",
		"obsoleteTech": "Mobile Tactics",
		"attackSound": "shot"
	},
		{
		"name": "Viet Cong",
		"replaces": "Infantry",
		"uniqueTo": "Vietnam",
		"unitType": "Gunpowder",
		"movement": 2,
		"strength": 70,
		"cost": 350,
		"requiredTech": "Electronics",
		"upgradesTo": "Mechanized Infantry",
		"obsoleteTech": "Mobile Tactics",
		"uniques": ["Can pass through impassable tiles"],
		"attackSound": "shot"
	},
	{
		"name": "Pracinha", 
		"unitType": "Gunpowder",
		"uniqueTo": "Brazil",
		"replaces": "Infantry",
		"movement": 2,
		"strength": 80,
		"cost": 420,
		"requiredTech": "Electronics",
		"upgradesTo": "Mechanized Infantry",
		"obsoleteTech": "Mobile Tactics",
		"promotions": ["Great Generals II"],
		"uniques": ["[+20]% Strength <when fighting in [Foreign Land] tiles>"],
		"attackSound": "shot"		
	},
	{
		"name": "Mobile SAM", 
		"unitType": "Gunpowder",
		"movement": 3,
		"interceptRange": 2,
		"strength": 65,
		"cost": 510,
		"requiredTech": "Rocketry",
		"uniques": ["[100]% chance to intercept air attacks","[+150]% Strength <vs [Air] units>"],
		"attackSound": "machinegun"
	},
	{
		"name": "Helicopter Gunship", 
		"unitType": "Helicopter",
		"movement": 6,
		"strength": 60,
		"cost": 510,
		"requiredTech": "Computers",
		"uniques": ["[+200]% Strength <vs [Armored] units>","All tiles costs 1",
			"No defensive terrain bonus","Can move after attacking",
			"Consumes [1] [Aluminum]"],
		"attackSound": "shot"
	},
	// Future Era
	{
		"name": "Mechanized Infantry",
		"unitType": "Gunpowder",
		"movement": 3,
		"strength": 90,
		"cost": 450,
		"requiredTech": "Mobile Tactics",
		"attackSound": "shot"
	},
	{
		"name": "Modern Armor",
		"unitType": "Armored",
		"movement": 5,
		"strength": 100,
		"cost": 540,
		"requiredTech": "Lasers",
		"upgradesTo": "Giant Death Robot",
		"uniques": ["Can move after attacking","[+50]% Strength <vs [Land] units>","No defensive terrain bonus","Consumes [1] [Aluminum]"]
	},
	{
		"name": "Nuclear Submarine", 
		"unitType": "Submarine",
		"movement": 6,
		"strength": 50,
		"range": 3,
		"rangedStrength": 85,
		"cost": 510,
		"requiredTech": "Telecommunications",
		"uniques": ["[+75]% Strength <when attacking>", "Invisible to others", 
			"Can only attack [Water] tiles", "Can see invisible [Submarine] units", "Can enter ice tiles", 
			"[+1] Sight", "Can carry [2] [Missile] units"],
			},
	{
		"name": "Missile Cruiser", 
		"unitType": "Ranged Water",
		"movement": 7,
		"strength": 80,
		"rangedStrength": 100,
		"range": 3,
		"interceptRange": 2,
		"cost": 510,
		"requiredTech": "Robotics",
		"promotions": ["Indirect Fire"],
		"uniques": ["[100]% chance to intercept air attacks","Can see invisible [Submarine] units","Can carry [2] [Missile] units"]
	},
	{
		"name": "Jet Fighter", 
		"unitType": "Fighter",
		"movement": 2,
		"strength": 45,
		"rangedStrength": 75,
		"range": 10,
		"interceptRange": 10,
		"cost": 540,
		"requiredTech": "Lasers",
		"uniques": ["[+150]% Strength <vs [Helicopter] units>","[100]% chance to intercept air attacks","[+150]% Strength <vs [Bomber] units>","Consumes [1] [Aluminum]"],
		"promotions": ["Air Recon"]
	},
	{
		"name": "Stealth Bomber", 
		"unitType": "Bomber",
		"movement": 2,
		"strength": 85,
		"rangedStrength": 65,
		"range": 20,
		"cost": 540,
		"requiredTech": "Stealth",
		"promotions": ["Evasion"],
		"uniques": ["Consumes [1] [Aluminum]"],
		"attackSound": "shot"
	},
	{
		"name": "Giant Death Robot", 
		"unitType": "Armored",
		"movement": 5,
		"strength": 150,
		"cost": 600,
		"requiredTech": "Nuclear Fusion",
		"promotions": ["Interception III"],
		"uniques": ["Can move after attacking","No defensive terrain bonus","[+50]% Strength <vs [Land] units>","Consumes [1] [Uranium]"],
		"attackSound": "shot"
	},
		{
		"name": "Future Soldier",
		"unitType": "Gunpowder",
		"movement": 2,
		"strength": 100,
		"cost": 510,
		"requiredTech": "Nanotechnology",
		"uniques": ["May Paradrop up to [40] tiles from inside friendly territory"],
		"attackSound": "shot"
	},
	
	
	/* Great people */

	{
		"name": "Great Artist",
		"unitType": "Civilian",
		"uniques": ["Can start an [8]-turn golden age", "Can construct [Landmark]","Uncapturable", "Great Person - [Culture]", "Unbuildable"],
		"movement": 4
	},
		{
		"name": "Propogandist",
		"uniqueTo": "Capidotian's Theokhsruian Empire",
		"replaces": "Great Artist",
		"unitType": "Civilian",
		"uniques": ["Can hurry technology research", "Can speed up construction of a building", "Can start an [12]-turn golden age", "Can construct [Landmark]","Uncapturable", "Great Person - [Culture]", "Unbuildable"],
		"movement": 4
	},
			{
		"name": "Military Researcher",
		"uniqueTo": "Capidotian's Theokhsruian Empire",
		"replaces": "Great Scientist",
		"unitType": "Civilian",
		"uniques": ["Can hurry technology research", "Can construct [Academy]", "Can start an [10]-turn golden age", "Can construct [Landmark]","Uncapturable", "Great Person - [Science]", "Unbuildable"],
		"movement": 4
	},
			{
		"name": "Krivis",
		"replaces": "Great Prophet",
		"uniqueTo": "Capidotian's Theokhsruian Empire",
		"unitType": "Civilian",
		"uniques": ["Can start an [8]-turn golden age", "Can construct [Sacred Grove]", "Great Person - [Faith]", "Unbuildable","Will not be displayed in Civilopedia", "Can construct [Holy site] if it hasn't used other actions yet", "Can [Spread Religion] [4] times",
			"Removes other religions when spreading religion", "May found a religion", "May enhance a religion", 
			"May enter foreign tiles without open borders", "Religious Unit"],
		"movement": 4
	},
	{
		"name": "Great Merchant",
		"unitType": "Civilian",
		"uniques": ["Can undertake a trade mission with City-State, giving a large sum of gold and [30] Influence",
			"Can construct [Customs house]","Uncapturable", "Great Person - [Gold]", "Unbuildable"],
		"movement": 4
	},
	{
		"name": "Great Scientist",
		"unitType": "Civilian",
		"uniques": ["Can hurry technology research", "Can construct [Academy]","Uncapturable", "Great Person - [Science]", "Unbuildable"],
		"movement": 4
	},
	{
		"name": "Means of Production",
		"replaces": "Great Merchant",
		"uniqueTo": "Capidotian's Theokhsruian Empire",
		"unitType": "Civilian",
		"uniques": ["Can undertake a trade mission with City-State, giving a large sum of gold and [100] Influence",
			"Can construct [Customs house]","Uncapturable", "Great Person - [Gold]", "Unbuildable"],
		"movement": 4
	},
	{
		"name": "Great Engineer",
		"unitType": "Civilian",
		"uniques": ["Can speed up construction of a building", "Can construct [Manufactory]","Uncapturable", "Great Person - [Production]", "Unbuildable"],
		"movement": 4
	},
	{
		"name": "Great General",
		"unitType": "Civilian",
		"uniques": ["Can start an [8]-turn golden age", "Bonus for units in 2 tile radius 15%", "Can construct [Citadel]",
			"Great Person - [War]", "Unbuildable"],
		"movement": 4
	},
		{
		"name": "Hetairoi"
		"replaces": "Great General",
		"uniqueTo": "Macedonia",
		"unitType": "Mounted",
		"strength": 15,
		"promotions": ["Great Generals II","March","Charge","Heavy Charge","Hetairoi"]
		"upgradesTo": "Knight",
		"uniques": ["Can construct [Citadel]","Great Person - [War]", "Bonus for units in 2 tile radius 15%", "Unbuildable","Consumes [1] [Horses]"],
		"movement": 4
	},
	{
		"name": "Paladin",
		"unitType": "Civilian",
		"uniqueTo": "Capidotian's Theokhsruian Empire",
		"strength": 20,
		"promotions": ["Medic","Medic II"],
		"replaces": "Great General",
		"uniques": ["Can start an [8]-turn golden age","Bonus for units in 2 tile radius 15%",
			 "Can construct [Citadel]","Uncapturable", "Great Person - [War]", "Unbuildable"],
		"movement": 7
	},
	{
		"name": "Great Prophet",
		"unitType": "Civilian",
		"uniques": ["Can construct [Holy site] if it hasn't used other actions yet", "Can [Spread Religion] [4] times",
			"Removes other religions when spreading religion", "May found a religion", "May enhance a religion", 
			"May enter foreign tiles without open borders", "[-1] Sight", "Great Person - [Faith]", 
			"Unbuildable", "Religious Unit", "Unbuildable"],
		"movement": 4,
		"religiousStrength": 1000
	},
	{
		"name": "Great Admiral", 
		"unitType": "WaterCivilian",
		"uniques": ["Bonus for units in 2 tile radius 15%","Heal adjacent units for an additional 15 HP per turn","Unbuildable"],
		"movement": 6
	}
	{
		"name": "Capidotian's Army",
		"replaces": "Archer",
		"uniqueTo": "Theokhsruian Empire",
		"unitType": "Ranged",
		"movement": 2,
		"strength": 7,
		"rangedStrength": 9,
		"cost": 36,
		"requiredTech": "Agriculture",
		"obsoleteTech": "Construction",
		"upgradesTo": "Composite Bowman",
		"attackSound": "arrow"
	},
	{
		"name": "Undertland",
		"replaces": "Swordsman",
		"uniqueTo": "Hetzwigg",
		"unitType": "Melee",
		"movement": 2,
		"strength": 15,
		"cost": 60,
		"hurryCostModifier": 20,
		"requiredTech": "Iron Working",
		"upgradesTo": "Longswordsman",
		"uniques": ["Consumes [1] [Iron]","Earn [100]% of killed [Military] unit's [Strength] as [Faith]"],
		"obsoleteTech": "Steel",
		"attackSound": "metalhit"
	},
	{
		"name": "Hot Air Balloon",
		"replaces": "Triplane",
		"uniqueTo": "Hetzwigg",
		"unitType": "Fighter",
		"movement": 1,
		"strength": 35,
		"rangedStrength": 35,
		"range": 5,
		"interceptRange": 5,
		"cost": 330,
		"requiredTech": "Electricity",
		"upgradesTo": "Fighter",
		"obsoleteTech": "Radar",
		"uniques": ["[50]% chance to intercept air attacks","[+150]% Strength <vs [Bomber] units>","[+150]% Strength <vs [Helicopter] units>",
			"Consumes [1] [Oil]"],
		"attackSound": "shot"
	},
	{
		"name": "Crusader Scarlet Battalions",
		"unitType": "Mounted",
		"movement": 5,
		"strength": 40,
		"cost": 225,
		"requiredResource": "Horses",
		"uniques": ["Can move after attacking","No defensive terrain bonus",
			"+[33]% Strength vs [City]", "+[50]% Strength vs [wounded units]", "Unbuildable", "Will not be displayed in Civilopedia", "Cannot be purchased"],
		"attackSound": "horse"
		"cost": 900
	},
	{
		"name": "Belisarius",
		"unitType": "Sword",
		"strength": 40,
		"uniques": ["Can start an [8]-turn golden age","Bonus for units in 2 tile radius 15%",
			"Heal adjacent units for an additional 15 HP per turn", "Can construct [Citadel]", "Unbuildable", "Will not be displayed in Civilopedia", "Cannot be purchased", "Cannot be purchased with [Faith]"],
		"movement": 5
		"cost": 900
	},
	{
		"name": "Imperial Guard",
		"unitType": "Melee",
		"replaces": "Musketman",
		"uniqueTo": "Imperium",
		"movement": 2,
		"strength": 35,
		"cost": 200,
		"requiredTech": "Banking",
		"upgradesTo": "Rifleman",
		"obsoleteTech": "Rifling",
		"uniques": ["+[25]% combat bonus in [Grassland]","+[25]% combat bonus in [Forest]","+[25]% combat bonus in [Plains]"],
		"attackSound": "shot"
	},
	{
		"name": "Royal Fleet",
		"unitType": "Melee Water",
		"replaces": "Caravel",
		"uniqueTo": "Sapphire City",
		"movement": 4,
		"strength": 36,
		"cost": 120,
		"requiredTech": "Astronomy",
		"upgradesTo": "Ironclad",
		"obsoleteTech": "Combustion",
		"uniques": ["+[33]% Strength <vs cities>","Double movement in coast"],
		"hurryCostModifier": 30
	},
	{
		"name": "Pedrina's Guard",
		"unitType": "Melee",
		"replaces": "Great War Infantry",
		"uniqueTo": "Pedras",
		"movement": 2,
		"strength": 50,
		"cost": 320,
		"requiredTech": "Archaeology",
		"upgradesTo": "Infantry",
		"obsoleteTech": "Plastics",
		"uniques": ["+[20]% Strength in [Foreign Land]"],
		"attackSound": "shot"
	},
	{
		"name": "Encomeda",
		"unitType": "Mounted",
		"replaces": "Knight"
		"uniqueTo": "Animus",
		"movement": 4,
		"strength": 20,
		"cost": 130,
		"requiredTech": "Chivalry",
		"obsoleteTech": "Military Science",
		"upgradesTo": "Cavalry",
		"requiredResource": "Horses",
		"uniques": ["Can move after attacking", "No defensive terrain bonus", "+[200]% Strength <vs cities>"],
		"attackSound": "horse"
	},
	{
		"name": "Desert Morador",
		"replaces": "Knight",
		"uniqueTo": "Solm",
		"unitType": "Mounted Ranged",
		"movement": 4,
		"strength": 18,
		"rangedStrength": 21,
		"cost": 100,
		"requiredTech": "Chivalry",
		"requiredResource": "Horses",
		"upgradesTo": "Cavalry",
		"obsoleteTech": "Military Science",
		"uniques": ["Can move after attacking","No defensive terrain bonus", "+[50]% combat bonus in [Desert]"],
		"attackSound": "arrow"
	},
	{
		"name": "Vejan Redan",
		"unitType": "Ranged Water",
		"replaces": "Frigate",
		"uniqueTo": "Veja",
		"movement": 5,
		"strength": 37,
		"rangedStrength": 30,
		"cost": 185,
		"requiredResource": "Iron",
		"uniques": ["+1 Visibility Range"],
		"requiredTech": "Navigation",
		"obsoleteTech": "Electronics",
		"upgradesTo": "Battleship",
		"hurryCostModifier": 20
	},
	{
		"name": "Ranger",
		"unitType": "Ranged",
		"uniqueTo": "Den'Ja",
		"movement": 2,
		"strength": 13,
		"rangedStrength": 20,
		"replaces": "Crossbowman",
		"cost": 120,
		"requiredTech": "Machinery",
		"upgradesTo": "Gatling Gun",
		"obsoleteTech": "Industrialization",
		"promotions": ["Logistics"],
		"attackSound": "arrow"
	},
	{
		"name": "Scarlet Battalions",
		"unitType": "Mounted",
		"replaces": "Cavalry",
		"uniqueTo": "Swarum",
		"movement": 4,
		"strength": 35,
		"cost": 225,
		"requiredTech": "Military Science",
		"obsoleteTech": "Combustion",
		"requiredResource": "Horses",
		"upgradesTo": "Landship",
		"uniques": ["Can move after attacking","No defensive terrain bonus",
			"+[33]% Strength <vs cities>", "+[50]% Strength vs [wounded units]"],
		"attackSound": "horse"
	},
	{
		"name": "Nyatsch",
		"unitType": "Melee",
		"uniqueTo": "Blue Draconia",
		"replaces": "Warrior",
		"movement": 2,
		"strength": 9,
		"cost": 40,
		"obsoleteTech": "Metal Casting",
		"uniques": ["+[33]% Strength in [Forest]", "+[33]% Strength in [Jungle]", "Heals [25] damage if it kills a unit"],
		"promotions": ["Woodsman"],
		"upgradesTo": "Swordsman",
		"attackSound": "nonmetalhit"
	},
	{
		"name": "Jupitean Cavalry",
		"unitType": "Mounted",
		"uniqueTo": "Jupite",
		"replaces": "Horseman",
		"movement": 5,
		"strength": 16,
		"cost": 80,
		"requiredTech": "Horseback Riding",
		"upgradesTo": "Knight",
		"obsoleteTech": "Metallurgy",
		"promotions": ["Great Generals I"],
		"requiredResource": "Horses",
		"uniques": ["Can move after attacking", "No defensive terrain bonus", "+[33]% Strength <vs cities>"],
		"hurryCostModifier": 20,
		"attackSound": "horse"
	},
	{
		"name": "Concursus",
		"unitType": "Sword",
		"uniqueTo": "Jupite",
		"movement": 2,
		"strength": 10,
		"cost": 110,
		"uniques": ["Founds a new city", "Excess Food converted to Production when under construction",
			"Requires at least [2] population"],
		"hurryCostModifier": 20
	},
	{
		"name": "con ngua",
		"replaces": "Knight",
		"uniqueTo": "Red Draconia",
		"unitType": "Mounted",
		"movement": 4,
		"strength": 21,
		"cost": 110,
		"requiredTech": "Chivalry",
		"requiredResource": "Horses",
		"upgradesTo": "Cavalry",
		"obsoleteTech": "Military Science",
		"uniques": ["Can move after attacking","No defensive terrain bonus"],
		"attackSound": "horse"
	},
	{
		"name": "bao vay",
		"unitType": "Siege",
		"replaces": "Catapult",
		"uniqueTo": "Red Draconia",
		"movement": 2,
		"strength": 8,
		"rangedStrength": 10,
		"cost": 75,
		"requiredTech": "Mathematics",
		"obsoleteTech": "Physics",
		"promotions": ["Woodsman", "Indirect Fire"],
		"upgradesTo": "Trebuchet",
		"uniques": ["[+250]% Strength <vs cities>", "No defensive terrain bonus", "+[33]% Strength in [Jungle]"],
		"hurryCostModifier": 20,
		"attackSound": "throw"
	},
	{
		"name": "Duang Mia",
		"unitType": "Sword",
		"uniqueTo": "Green Draconia",
		"replaces": "Swordsman",
		"movement": 2,
		"strength": 16,
		"cost": 75,
		"requiredTech": "Iron Working",
		"upgradesTo": "Longswordsman",
		"requiredResource": "Iron",
		"obsoleteTech": "Gunpowder",
		"hurryCostModifier": 20,
		"promotions": ["Cover I"],
		"attackSound": "metalhit"
	},
	{
		"name": "Henri's Scarlet Battalions",
		"unitType": "Mounted",
		"replaces": "Cavalry",
		"uniqueTo": "Xans",
		"movement": 4,
		"strength": 35,
		"cost": 225,
		"requiredTech": "Military Science",
		"obsoleteTech": "Combustion",
		"requiredResource": "Horses",
		"upgradesTo": "Landship",
		"uniques": ["Can move after attacking","No defensive terrain bonus",
			"+[33]% Strength <vs cities>", "+[50]% Strength vs [wounded units]"],
		"attackSound": "horse"
	},
	{
		"name": "Camel Morador",
		"replaces": "Knight",
		"uniqueTo": "People's Republic of Solm",
		"unitType": "Mounted Ranged",
		"movement": 4,
		"strength": 18,
		"rangedStrength": 21,
		"cost": 100,
		"requiredTech": "Chivalry",
		"requiredResource": "Horses",
		"upgradesTo": "Cavalry",
		"obsoleteTech": "Military Science",
		"uniques": ["Can move after attacking","No defensive terrain bonus", "+[50]% combat bonus in [Desert]"],
		"attackSound": "arrow"
	},
	{
		"name": "Walter's Encomeda",
		"unitType": "Mounted",
		"replaces": "Knight"
		"uniqueTo": "Modern Animus",
		"movement": 5,
		"strength": 20,
		"cost": 130,
		"requiredTech": "Chivalry",
		"obsoleteTech": "Military Science",
		"upgradesTo": "Cavalry",
		"requiredResource": "Horses",
		"uniques": ["Can move after attacking","No defensive terrain bonus", "[+200]% Strength <vs cities>"],
		"attackSound": "horse"
	},	
	{
		"name": "Sapphirain Fleet",
		"unitType": "Melee Water",
		"replaces": "Caravel",
		"uniqueTo": "Post-Theodosian Sapphire City",
		"movement": 4,
		"strength": 31,
		"cost": 120,
		"requiredTech": "Astronomy",
		"upgradesTo": "Ironclad",
		"obsoleteTech": "Combustion",
		"uniques": ["+[33]% Strength <vs cities>","Double movement in coast"],
		"hurryCostModifier": 30
	},
	{
		"name": "Bluecoat",
		"unitType": "Sword",
		"replaces": "Musketman",
		"uniqueTo": "Post-Theodosian Sapphire City",
		"movement": 2,
		"strength": 25,
		"cost": 100,
		"requiredTech": "Astronomy",
		"upgradesTo": "Rifleman",
		"obsoleteTech": "Rifling",
		"uniques": ["+[25]% combat bonus in [Grassland]","+[25]% combat bonus in [Forest]","+[25]% combat bonus in [Plains]"],
		"attackSound": "shot"
	},
	{
		"name": "Redan",
		"unitType": "Ranged Water",
		"replaces": "Frigate",
		"uniqueTo": "De Vivino Veja",
		"movement": 5,
		"strength": 37,
		"rangedStrength": 30,
		"cost": 185,
		"requiredResource": "Iron",
		"uniques": ["+1 Visibility Range"],
		"requiredTech": "Navigation",
		"obsoleteTech": "Electronics",
		"upgradesTo": "Battleship",
		"hurryCostModifier": 20
	},
	{
		"name": "Referahd",
		"unitType": "Melee Water",
		"replaces": "Frigate",
		"uniqueTo": "De Vivino Veja",
		"movement": 5,
		"strength": 37,
		"cost": 160,
		"requiredResource": "Iron",
		"uniques": ["+1 Visibility Range"],
		"requiredTech": "Industrialization",
		"obsoleteTech": "Electronics",
		"upgradesTo": "Battleship",
		"hurryCostModifier": 20
	},
	{
		"name": "Concurium",
		"unitType": "Sword",
		"uniqueTo": "Jupitoir",
		"movement": 4,
		"strength": 5,
		"cost": 65,
		"uniques": ["Founds a new city", "Excess Food converted to Production when under construction",
			"Requires at least [2] population"],
		"hurryCostModifier": 20
	},
	{
		"name": "Retired Bluecoat",
		"unitType": "Sword",
		"replaces": "Musketman",
		"uniqueTo": "Theodosis III's Sapphire City",
		"movement": 2,
		"strength": 20,
		"cost": 100,
		"requiredTech": "Astronomy",
		"upgradesTo": "Rifleman",
		"obsoleteTech": "Rifling",
		"uniques": ["+[25]% combat bonus in [Grassland]","+[25]% combat bonus in [Forest]","+[25]% combat bonus in [Plains]"],
		"attackSound": "shot"
	},
	{
		"name": "Corterra",
		"unitType": "Sword",
		"replaces": "Knight"
		"uniqueTo": "Western Animus",
		"movement": 4,
		"strength": 10,
		"cost": 130,
		"requiredTech": "Chivalry",
		"obsoleteTech": "Military Science",
		"upgradesTo": "Cavalry",
		"requiredResource": "Horses",
		"uniques": ["Can move after attacking", "No defensive terrain bonus", "+[200]% Strength <vs cities>"],
		"attackSound": "horse"
	},
	{
		"name": "Guardabosque",
		"unitType": "Ranged",
		"uniqueTo": "Eastern Animus",
		"movement": 2,
		"strength": 13,
		"rangedStrength": 20,
		"replaces": "Crossbowman",
		"cost": 120,
		"requiredTech": "Machinery",
		"upgradesTo": "Gatling Gun",
		"obsoleteTech": "Industrialization",
		"promotions": ["Logistics"],
		"attackSound": "arrow"
	},
	{
		"name": "Gaucho",
		"unitType": "Melee",
		"uniqueTo": "Central Animus",
		"replaces": "Swordsman",
		"movement": 2,
		"strength": 17,
		"cost": 75,
		"requiredTech": "Iron Working",
		"upgradesTo": "Longswordsman",
		"requiredResource": "Iron",
		"obsoleteTech": "Gunpowder",
		"hurryCostModifier": 5,
		"promotions": ["Cover I"],
		"attackSound": "metalhit"
	},
	{
		"name": "Gold Army",
		"unitType": "Melee",
		"uniqueTo": "Gold Draconia",
		"replaces": "Longswordsman",
		"movement": 2,
		"strength": 25,
		"cost": 120,
		"requiredTech": "Steel",
		"upgradesTo": "Rifleman",
		"obsoleteTech": "Rifling",
		"hurryCostModifier": 20,
		"attackSound": "shot"
		"uniques": ["Can move immediately once bought","Replaces both Longswordsman and Musketman"],
	},
	{
		"name": "Paradise Finders", 
		"uniqueTo": "Gold Draconia",
		"unitType": "Civilian",
		"movement": 2,
		"cost": 50,
		"uniques": ["Can construct [Paridisa]"]
	},
	{
		"name": "Modern Royal Fleet",
		"unitType": "Melee Water",
		"replaces": "Caravel",
		"uniqueTo": "Modern Sapphire City",
		"movement": 4,
		"strength": 36,
		"cost": 120,
		"requiredTech": "Astronomy",
		"upgradesTo": "Ironclad",
		"obsoleteTech": "Combustion",
		"uniques": ["+[33]% Strength vs [City]","Double movement in coast"],
		"hurryCostModifier": 30
	},
	{
		"name": "Draconic Forest Elephant", //modded
		"unitType": "Mounted",
		"replaces": "Horseman",
		"uniqueTo": "Rainbow Draconia",
		"movement": 3,
		"strength": 14,
		"cost": 100,
		"hurryCostModifier": 20,
		"requiredTech": "Horseback Riding",
		"upgradesTo": "Knight",
		"obsoleteTech": "Metallurgy",
		"uniques": ["Can move after attacking","No defensive terrain bonus",
			"Penalty vs City 33%","Consumes [1] [Horses]"],
		"promotions": ["Great Generals II"],
		"attackSound": "horse"		
	},

]
