[
	//Spectator
	{
		"name": "Spectator",
		"outerColor": [255,255,255]
//		"innerColor": [0,0,0]
	},
//nations
	{
		"name": "Lmanburg",
		"leaderName": "Emily",
		"adjective": ["Ukrainian"],
		"startBias": ["Coast"],
		"preferredVictoryType": "Domination",
		
		"startIntroPart1": "I heard there was a special place, where men can go and emancipate, the brutality, and the tyranny of their rulers. This place was real and now its gone, techno and dream planted a bomb.",
		"startIntroPart2": "Its a very big and definitely blown up lmanburg. Bye lmanburg. Bye lmanburg. Bye lmanburg. Bye lmaaaannburrg",
		
		"declaringWar": "vibe check prank",
		"attacked": "Have you declared war on us? This was a huge mistake on your part, prepare to be destroyed!",
		"defeated": "damn",
		"introduction": "sup! I'm Emily",
		
		"neutralHello": "Hello!",
		"hateHello": "yeehaw",
		"tradeRequest": "Well, how is my proposal to you?",
		"outerColor": [227, 175, 209],
		"innerColor": [219, 129, 44],
		"uniqueName": "Loving Women Juice",
		"uniques": ["Starts with [Mining]", "Earn [50]% of [military] opponent's [Strength] as [Culture] for kills", "[+1 Production] from every [Tundra]","[+1 Food, +1 Production] from every [Snow]", "[+2 Science] from every [Walls]","[+2 Science] from every [Castle]","[+2 Science] from every [Arsenal]","[+2 Science] from every [Military Base]"],
		"cities": ["Kyoto","Osaka","Tokyo","Satsuma","Kagoshima","Nara","Nagoya","Izumo","Nagasaki","Yokohama", "Shimonoseki","Matsuyama","Sapporo","Hakodate","Ise","Toyama","Fukushima","Suo","Bizen","Echizen", "Izumi","Omi","Echigo","Kozuke","Sado","Kobe","Nagano","Hiroshima","Takayama","Akita","Fukuoka","Aomori", "Kamakura","Kochi","Naha","Sendai","Gifu","Yamaguchi","Ota","Tottori"]
	},
	{
		"name": "USA",
		"leaderName": "London",
		"adjective": ["Patriot"],
		"startBias": ["Forest","Marsh"],
		"preferredVictoryType": "Domination",
		
		"startIntroPart1": "Holy fucking shit. I want to bang the danganronpa bear so goddamn bad. I can't stand it anymore. Every time a trial happens I get a massive erection. I've seen literally every rule 34 post there is of him online. My dreams are nothing but constant fucking sex with Monokuma. I'm sick of waking up every morning with six nuts in my boxers and knowing that those are nuts that should've been busted inside of Monokuma's tight furry ass. I want him to have my mutant human/bear babies.",
		"startIntroPart2": ".",
		
		"declaringWar": "sex!",
		"attacked": "bruh",
		"defeated": "not at all pog",
		"introduction": "hello!",
		
		"neutralHello": "sex",
		"hateHello": "sex",
		"tradeRequest": "sex",
		"outerColor": [17, 237, 160],
		"innerColor": [122, 43, 43],
		"uniqueName": "Patriotism for the United States",
		"uniques": ["[-30]% tile improvement construction time", "City-State Influence degrades [20]% slower","Receive free [Worker] when you discover [Pottery]", "[+1 Science] from every [Coast]","[+1 Science] from every [Ocean]", "[+2 Culture, +2 Gold, +1 Production, +1 Science] [in capital]"],
		"cities": ["Washington","New York","Boston","Philadelphia","Atlanta","Chicago","Seattle","San Francisco","Los Angeles","Houston",
			"Portland","St. Louis","Miami","Buffalo","Detroit","New Orleans","Baltimore","Denver","Cincinnati","Dallas","Memphis",
			"Cleveland","Kansas City","San Diego","Richmond","Las Vegas","Phoenix","Albuquerque","Minneapolis","Pittsburgh",
			"Oakland","Tampa Bay","Orlando","Tacoma","Santa Fe","Olympia","Hunt Valley","Springfield","Palo Alto","Centralia",
			"Spokane","Jacksonville","Svannah","Charleston","San Antonio","Birmingham","Anchorage","Sacramento","Reno",
			"Salt Lake City","Boise","Milwaukee","Santa Cruz","Little Rock"]
	},
	{
		"name": "Goatville",
		"leaderName": "Zion",
		"adjective": ["ilikegoats"],
		"startBias": ["Forest","Plains"],
		"preferredVictoryType": "Cultural",
		
		"startIntroPart1": "Freeman and slave, patrician and plebeian, lord and serf, guildmaster and journeyman, in a word, oppressor and oppressed, stood in constant opposition to one another, carried on an uninterrupted, now hidden, now open fight, that each time ended, either in the revolutionary reconstitution of society at large, or in the common ruin of the contending classes.",
		"startIntroPart2": "Let the ruling classes tremble at a Communistic revolution. The proletarians have nothing to lose but their chains. They have a world to win.",
		
		"declaringWar": "Your lands will soon be mine, prepare for war!",
		"attacked": "but philosophy is the weapon that can produce true happiness.",
		"defeated": "...2 minuets in jail and you've already started eating moss.",
		"introduction": "Don’t kill, and don’t be killed, alright? That’s the best you can strive for.",
		
		"neutralHello": "i'm a communist",
		"hateHello": "You again! What did you want?",
		"tradeRequest": "this good for you comrade?",
		"outerColor": [81, 40, 136],
		"innerColor": [218, 66, 0],
		"uniqueName": "goats and socialism",
		"uniques": ["[+1 Food, +1 Science, +1 Production] from every [Monument]", "[+1 Food, +1 Culture, +1 Production] from every [Library]", "+[20]% Production when constructing [Culture] buildings","+[20]% Production when constructing [Library]"],
		"cities": ["Buda","Pest","Esztergom","Debrecen","Pecs","Eger","Miskolc","Gyor","Szekesfehervar","Szeged", "Koszeg","Obuda","Kolozsvar","Diosgyor","Tatabanya","Kassa","Eperjes","Kisszeben","Eger","Mohacs","Tata", "Szolnok","Sarvar","Zagrab","Temesvar","Nyiregyhaza","Kecskemet","Sopron"]
	},
	{
		"name": "Fubukiland",
		"leaderName": "Alec",
		"adjective": ["dilf"],
		"startBias": ["Coast"],
		"preferredVictoryType": "Scientific",
		
		"startIntroPart1": "Please God, I want to impregnate Fubuki-sama so bad. I want her to bear my children with those beautiful child-bearing hips. That beautiful, radiant angel. Like a goddess, having come down to Earth to cleanse us of our sins.",
		"startIntroPart2": "My queen, my goddess, the light of my life. Please God, let me have her. I want her to be mine and only mine. I would lick the Doritos dust from her fingers and fill her belly button with honey mustard to dip my tendies in. I would give her a sponge-bath with my tongue every morning and serve her breakfast in bed. I would let her eat her eggs and pancakes off my body if it pleased her, no matter how painful the third-degree burns would be.",

		"declaringWar": "vibe check bitch",
		"attacked": "you fucking transphobe",
		"defeated": "at least i still have my wife",
		"introduction": "bussy.",
		
		"neutralHello": "carl from up is a gilf",
		"hateHello": "you're no pilf",
		"tradeRequest": "want?",
		"outerColor": [89, 245, 5],
		"innerColor": [173, 44, 5],
		"uniqueName": "little simp boy",
		"uniques": ["When declaring friendship, both parties gain a [20]% boost to great person generation", "[+2 Gold, +2 Culture] from every specialist [in all cities]","[+1 Culture] from every [Walls]", "[+1 Happiness] [in all cities]", "[+1 Science, +1 Production] from every [Windmill]","[+1 Science, +1 Production] from every [Workshop]","[+1 Science, +1 Production] from every [Factory]"],
		"cities": ["Thebes","Memphis","Heliopolis","Elephantine","Alexandria","Pi-Ramesses","Giza","Byblos","Akhetaten", "Hieraconpolis","Abydos","Asyut","Avaris","Lisht","Buto","Edfu","Pithom","Busiris","Kahun","Athribis", "Mendes","Elashmunein","Tanis","Bubastis","Oryx","Sebennytus","Akhmin","Karnak","Luxor","El Kab","Armant", "Balat","Ellahun","Hawara","Dashur","Damanhur","Ellahun","Abusir","Ellahun","Herakleopolis","Akoris", "Benihasan","Badari","Hermopolis","Amrah","Koptos","Ombos","Naqada","Semna","Soleb"]
	},
	{
		"name": "Romania",
		"leaderName": "Chris",
		"adjective": ["Romanian"],
		"startBias": ["Forest","Marsh"],
		"preferredVictoryType": "Domination",

		"startIntroPart1": "Holy fucking shit. I want to bang the animal crossing dog so goddamn bad. I can't stand it anymore. Every time I go to the town hall I get a massive erection. I've seen literally every rule 34 post there is of her online. My dreams are nothing but constant fucking sex with Isabelle. I'm sick of waking up every morning with six nuts in my boxers and knowing that those are nuts that should've been busted inside of Isabelle's tight dog pussy. I want her to have my mutant human/dog babies.",
		"startIntroPart2": "Fuck, my fucking mom caught me with the neighbors dog. I'd dressed her in my sister's skirt and went to fucking town. She hasn't said a word to me in 10 hours and I'm worried she's gonna take away my 3DS. I might not ever get to see Isabelle again.",
		
		"declaringWar": "i'm going to do a little trolling",
		"attacked": "hmmm. interesting.",
		"defeated": "ok",
		"introduction": "salutations.",
		
		"neutralHello": "dear, liberal",
		"hateHello": "hmm.",
		"tradeRequest": "ok?",
		"outerColor": [26, 43, 23],
		"innerColor": [237, 237, 17],
		"uniqueName": "Galaxy Brain Moment",
		"uniques": ["[+1 Culture] from every [Pasture]", "Cities are razed [2] times as fast", "Receive triple Gold from Barbarian encampments and pillaging Cities", "Earn [100]% of killed [Military] unit's [Strength] as [Culture]", "Maintenance on roads & railroads reduced by [50]%", "[+2 Science] [in all cities]","[+1 Culture] from all [Science] buildings", "100% chance to earn 25 Gold and recruit a Settler unit from a conquered encampment"],
		"cities": ["Bucharest","Craiova","Iasi","Constanta","Botosani","Braila","Ploiesti","Galati","Bacau","Pitesti","Suceava","Buzau","Piatra Neamt"],
	},	        	
	{
		"name": "Barbarians",
		"outerColor": [0,0,0],
		"innerColor": [182,0,0],
		"uniques": ["Can only heal by pillaging"]
	}

]
