[
	{
		"name": "Watch One Punch Man",
		"era": "Ancient era",
		"uniques": ["[+3 Gold] [in all cities]","[-25]% Culture cost of acquiring tiles [in all cities]","Unlocks building the Hanging Gardens"],
		"policies": [
			{
				"name": "Think Purely of One Punch Man",
				"uniques": ["Earn [10]% of [military] opponent's [Cost] as [Gold] for kills", "Earn [10]% of [military] opponent's [Culture] as [Gold] for kills"],
				"row": 1,
				"column": 1
			},
			{
				"name": "Finish Season 1",
				"uniques": ["Provides the cheapest [Culture] building in your first [5] cities for free","[+2 Culture] from every [East India Company]","[+2 Culture] from every [National Visitor's Center]","[+2 Culture] from every [Oxford University]","[+2 Culture] from every [Hermitage]","[+2 Culture] from every [Ironworks]","[+2 Culture] from every [Grand Temple]","[+2 Culture] from every [National Epic]","[+2 Culture] from every [National College]","[+2 Culture] from every [Heroic Epic]","[+2 Culture] from every [Circus Maximus]"],
				"row": 1,
				"column": 3
			},
			{
				"name": "Cosplay One Punch Man",
				"uniques": ["[+1 Gold] from every [Cotton]","[+1 Gold] from every [Silk]", "[+1 Culture] from every [Cotton]","[+1 Culture] from every [Silk]"],
				"row": 1,
				"column": 5
			},
			{
				"name": "Catch Up on One Punch Man Manga",
				"uniques": ["[+1 Culture] from every [Jungle]", "[+1 Culture] from every [Forest]", "[+1 Culture] from every [Hardwood]"],
				"requires": ["Finish Season 1"],
				"row": 2,
				"column": 2
			},
			{
				"name": "Watch One Punch Man Tik Toks",
				"uniques": ["[+2 Gold, +1 Culture] from every [Amphitheater]","[+2 Gold, +1 Culture] from every [Opera House]"],
				"requires": ["Think Purely of One Punch Man"],
				"row": 2,
				"column": 4
			},
			{
				"name": "Finish One Punch Man",
				"uniques": ["[1] free [Genos] units appear", "[1] free [Saitama] units appear","May buy [Great Engineer] units for [1000] [Faith] [in all cities in which the majority religion is a major religion] at an increasing price ([500]) <starting from the [Industrial era]>"]
			}
		]
	},
	{
		"name": "Become Emily",
		"era": "Ancient era",
		"uniques": ["[+1 Culture] [in all cities]","Unlocks building the Pyramids"],
		"policies": [
			{
				"name": "#Gaslight",
				"uniques": ["[+1 Production] [in all cities]",
					"+[50]% Production when constructing [Giant Death Robot] units [in all cities]"],
				"row": 1,
				"column": 1
			},
			{
				"name": "#Gatekeep",
				"uniques": ["+[30]% production when constructing [Water] units [in all cities]", "Free [Worker] appears"],
				"row": 1,
				"column": 4
			},
			{
				"name": "#Girlboss",
				"uniques": ["[+2 Production, +4 Science] from every [Monument]", "Free [Settler] appears"],
				"requires": ["#Gatekeep"],
				"row": 2,
				"column": 1
			},
			{
				"name": "Becoming Bad At Typing in Discord",
				"uniques": ["[+2 Science] from every [Natural Wonder]","Empire enters golden age"],
				"requires": ["#Girlboss"],
				"row": 2,
				"column": 3
			},
			{
				"name": "Garden Club",
				"uniques": ["[+1 Food, +1 Production, +1 Gold, +1 Happiness, +1 Faith, +1 Science] from every [Garden]"],
				"requires": ["#Girlboss"],
				"row": 2,
				"column": 5
			},
			{
				"name": "We have become Emily.",
				"uniques": ["Free Great Person",
					"[+33]% Production when constructing [East India Company] wonders [in all cities]",
					"[+33]% Production when constructing [National Visitor's Center] wonders [in all cities]",
					"[+33]% Production when constructing [Oxford University] wonders [in all cities]",
					"[+33]% Production when constructing [Hermitage] wonders [in all cities]",
					"[+33]% Production when constructing [Ironworks] wonders [in all cities]",
					"[+33]% Production when constructing [Grand Temple] wonders [in all cities]",
					"[+33]% Production when constructing [National Epic] wonders [in all cities]",
					"[+33]% Production when constructing [National College] wonders [in all cities]",
					"[+33]% Production when constructing [Heroic Epic] wonders [in all cities]",
					"[+33]% Production when constructing [Circus Maximus] wonders [in all cities]",
					"[+15]% Production when constructing [Monument] buildings [in all cities]",
					"[+15]% Production when constructing [Hotel] buildings [in all cities]",
					"[+15]% Production when constructing [University] buildings [in all cities]",
					"[+15]% Production when constructing [Market] buildings [in all cities]",
					"[+15]% Production when constructing [Workshop] buildings [in all cities]",
					"[+15]% Production when constructing [Amphitheater] buildings [in all cities]",
					"[+15]% Production when constructing [Barracks] buildings [in all cities]",
					"[+15]% Production when constructing [Library] buildings [in all cities]",
					"[+15]% Production when constructing [Colosseum] buildings [in all cities]",
					"[+15]% Production when constructing [Opera House] buildings [in all cities]", "[1] free [Like, Actually Emily] units appear"]
			}
		]
	},
	{
		"name": "Watch Vaush",
		"era": "Ancient era",
		"uniques": ["[+3 Production] from every [Wonder]"],
		"policies": [
			{
				"name": "Force Everyone to Watch Vaush.",
				"uniques": ["[+20]% great person generation in all cities"],
				"row": 1,
				"column": 1
			},
			{
				"name": "Start Kinning Asriel",
				"uniques": ["[-50]% food consumption by specialists"],
				"row": 1,
				"column": 3
			},
			{
				"name": "Become a Communist",
				"uniques": ["[+1 Happiness] from every [Wonder]"],
				"row": 1,
				"column": 5
			},
			{
				"name": "Cry While Reading Endertale",
				"uniques": ["[6] free [Karl Marx] units appear","[6] units cost no maintenance"],
				"requires": ["Become a Communist","Force Everyone to Watch Vaush.","Start Kinning Asriel"],
				"row": 2,
				"column": 2
			},
			{
				"name": "Become Vaush.",
				"uniques": ["Specialists only produce [50]% of normal unhappiness","Golden Age length increased by [50]%"],
				"requires": ["Become a Communist","Force Everyone to Watch Vaush.","Start Kinning Asriel"],
				"row": 2,
				"column": 4
			},
			{
				"name": "Based Alert",
				"uniques": ["Provides a [Goat Pen] in your first [4] cities for free"]
			}
		]
	},
	{
		"name": "Commiting Mass Warcrimes.",
		"era": "Ancient era",
		"uniques": ["[+33]% Strength vs [Barbarians]","Earn [33]% of killed [Military] unit's [Strength] as [Culture]",
			"Notified of new Barbarian encampments","Unlocks building the Temple of Artemis"],
		"policies": [
			{
				"name": "Raise the Child Soldier Army!",
				"uniques":["[2] free [Child Soldier] units appear","Earn [33]% of killed [Military] unit's [Strength] as [Science]","[8] units cost no maintenance"],
				"row": 1,
				"column": 2
			},
			{
				"name": "Child Labor",
				"uniques":["[-1 Culture, +1 Production, +1 Food] from every [Monument]",
					"[+100]% Production when constructing [Barracks] buildings [in all cities]",
					"[+100]% Production when constructing [Armory] buildings [in all cities]",
					"[+100]% Production when constructing [Military Academy] buildings [in all cities]"],
				"row": 1,
				"column": 4
			},
			{
				"name": "Child Labor Corpse",
				"uniques": ["[2] free [Fast Worker] units appear","[+1 Happiness, +2 Culture] [in all cities with a garrison]","[+2 Happiness] from every [Courthouse]"],
				"requires": ["Raise the Child Soldier Army!"],
				"row": 2,
				"column": 1
			},
			{
				"name": "Romanian Tradition",
				"uniques": ["Gold cost of upgrading [Military] units reduced by [20]%",
					"[+100]% Production when constructing [Courthouse] buildings [in all cities]",
					"[+3 Production, +3 Gold, +3 Food] from every [Courthouse]", "[-3 Culture, +5 Food] from every [Library]", "[2] free [Vlad III] units appear"]
				"requires": ["Raise the Child Soldier Army!", "Child Labor"],
				"row": 2,
				"column": 3
			},
						{
				"name": "Vlad Dracula",
				"uniques":["[6] free [Vlad III] units appear", "[+10]% Strength for [Land] units which have another [Military] unit in an adjacent tile","[Military] units gain [50]% more Experience from combat"],
				"requires": ["Child Labor"],
				"row": 2,
				"column": 5
			},
			{
				"name": "Jesus fucking christ what the fuck is wrong with you",
				"uniques": ["[+10]% [Food] [in all cities]",
					"Earn [33]% of killed [Military] unit's [Strength] as [Science]",
					"[+100]% Production when constructing [Heroic Epic] wonders [in all cities]",
					"[+4 Production, +4 Gold, +4 Culture] from every [Heroic Epic]","May buy [Great General] units for [1000] [Faith] [in all cities in which the majority religion is a major religion] at an increasing price ([500]) <starting from the [Industrial era]>"],
			}
		]
	},
	{
		"name": "Become Sexy",
		"era": "Ancient era",
		"uniques": ["+[10]% Growth [in all cities]", "[+2 Happiness] in cities with [7] or more population"],
		"policies": [
			{
				"name": "Go Fishing",
				"uniques": ["[+1 Culture, +1 Faith] from every [Fishing Boats]","[+1 Culture, +1 Faith] from every [Atoll]"],
				"row": 1,
				"column": 1
			},
			{
				"name": "Purchase Copius Ammounts of Wigs",
				"uniques": ["[+2 Food, +1 Production, +1 Gold, +1 Happiness, +1 Faith, +2 Science] from every [Palace]"],
				"row": 1,
				"column": 3
			},
			{
				"name": "Get Nails and Makeup Done",
				"uniques": ["[+1 Culture, +1 Food] from every [Dyes]", "[+1 Culture, +1 Food] from every [Perfume]"],
				"row": 1,
				"column": 5
			},
			{
				"name": "Watch Coraline",
				"uniques": ["[+1 Culture, +1 Faith] from every [Copper]", "[+1 Culture, +1 Faith] from every [Gold Ore]", "[+1 Culture, +1 Faith] from every [Silver]"],
				"requires": ["Purchase Copius Ammounts of Wigs"],
				"row": 2,
				"column": 2
			},
			{
				"name": "Meet Cheems",
				"uniques": ["[+1 Production] from every [Fishing Boats]","[+1 Production] from every [Atoll]"],
				"requires": ["Go Fishing"],
				"row": 2,
				"column": 4
			},
			{
				"name": "Become Sexy Complete",
				"uniques": ["[1] free [Genos] units appear", "[1] free [Saitama] units appear","May buy [Great Artist] units for [1000] [Faith] [in all cities in which the majority religion is a major religion] at an increasing price ([500]) <starting from the [Industrial era]>"]
			}
		]
	},
	{
		"name": "Watch The Owl House",
		"uniques": ["[Great Merchant] is earned [33]% faster","Unlocks building the Big Ben"],
		"era": "Medieval era",
		"policies": [
			{
				"name": "MOMMY EDA",
				"uniques": ["+[25]% yield from every [Land Trade Route (Food)]","+[25]% yield from every [Land Trade Route (Production)]","+[25]% yield from every [Sea Trade Route (Food)]","+[25]% yield from every [Sea Trade Route (Production)]"],
				"row": 1,
				"column": 2
			},
			{
				"name": "Golden Guards",
				"uniques": ["Allows the purchasing of Landsknechts at Civil Service and Foreign Legions at Replaceable Parts"],
				"row": 1,
				"column": 5
			},
			{
				"name": "Connecting the Titain",
				"uniques": ["Maintenance on roads & railroads reduced by [50]%","Provides 2 Trade Routes"],
				"requires": ["MOMMY EDA"],
				"row": 2,
				"column": 1
			},
			{
				"name": "Scamming People",
				"uniques": ["+[25]% yield from every [Land Trade Route (Food)]","+[25]% yield from every [Land Trade Route (Production)]","+[25]% yield from every [Sea Trade Route (Food)]","+[25]% yield from every [Sea Trade Route (Production)]","[Gold] cost of purchasing items in cities [-20]%","[+2 Science] from every [Mint]",
					"[+2 Science] from every [Market]","[+2 Science] from every [Bank]","[+2 Science] from every [Stock Exchange]"],
				"requires": ["Golden Guards"],
				"row": 2,
				"column": 3
			},
			{
				"name": "Free Mommy's Milk",
				"uniques": ["[+1 Food] from every [Customs house]","[+4 Gold] from every [Customs house]","[+4 Production, +4 Culture, +4 Happiness] from every [East India Company]",],
				"requires": ["Connecting the Titain"],
				"row": 3,
				"column": 3
			},
			{
				"name": "Watch The Owl House Complete",
				"uniques": ["[2] free [Great Merchant] units appear","[+1 Food] from every [Trading post]","[+1 Food] from every [Caer]","Double gold from Great Merchant trade missions","May buy [Great Merchamt] units for [1000] [Faith] [in all cities in which the majority religion is a major religion] at an increasing price ([500]) <starting from the [Industrial era]>"]
			}
		]
	},
	{
		"name": "Aesthetics",
		"era": "Classical era",
		"uniques": ["[Great Artist] is earned [33]% faster","Unlocks building the Uffizi"],
		"policies": [
			{
				"name": "Dreamcore",
				"uniques": ["[+100]% Production when constructing [Opera House] buildings [in all cities]",
					"[+100]% Production when constructing [Museum] buildings [in all cities]",
					"[+100]% Production when constructing [Broadcast Tower] buildings [in all cities]"],
				"row": 1,
				"column": 3
			},
			{
				"name": "Cottagecore",
				"uniques": ["[+1 Culture] from every [Great Improvement]","[+1 Culture] from every [Trading post]","[+1 Culture] from every [Brazilwood Camp]","[+1 Culture] from every [Caer]","[+1 Culture] from every [Moai]","[+1 Culture] from every [Chateau]"],
				"requires": ["Dreamcore"],
				"row": 2,
				"column": 2
			},
						{
				"name": "Communismcore",
				"uniques": ["Free [Great Artist] appears","[+2 Science] from every [Museum]","[+2 Science] from every [Amphitheater]","[+2 Science] from every [Opera House]","[+2 Science] from every [Broadcast Tower]"],
				"requires": ["Dreamcore"],
				"row": 2,
				"column": 4
			},
			{
				"name": "Lovecore",
				"uniques": ["[+33]% [Culture] [in all cities with a world wonder]","Empire enters golden age"],
				"requires": ["Communismcore"],
				"row": 3,
				"column": 2
			},
			{
				"name": "Weirdcore",
				"uniques": ["[Great Artist] is earned [33]% faster","+[20]% [Culture] from every [Museum]","+[20]% [Culture] from every [Opera House]","+[20]% [Culture] from every [Broadcast Tower]"],
				"requires": ["Cottagecore","Lovecore"],
				"row": 3,
				"column": 4
			},
			{
				"name": "Aesthetics Complete",
				"uniques": ["[+100]% Production when constructing[Archaeologist] units",
					"[+4 Culture] from every [Landmark]","Free Social Policy","May buy [Great Artist] units for [1000] [Faith] [in all cities in which the majority religion is a major religion] at an increasing price ([500]) <starting from the [Industrial era]>"]
			}
		]
	},
	{
		"name": "Strategy Games",
		"era": "Classical era",
		"uniques": ["Resting point for Influence with City-States is increased by [20]","Unlocks building the Forbidden Palace"],
		"policies": [
			{
				"name": "Merchant Confederacy",
				"uniques": ["[+2 Gold] from every [Land Trade Route (Food)]","[+2 Gold] from every [Land Trade Route (Production)]",
					"[+2 Gold] from every [Land Trade Route (Gold)]","[+2 Gold] from every [Sea Trade Route (Food)]",
					"[+2 Gold] from every [Sea Trade Route (Production)]","[+2 Gold] from every [Sea Trade Route (Gold)]"],
				"row": 1,
				"column": 3
			},
			{
				"name": "Scholasticism",
				"uniques":["Allied City-States provide Science equal to [25]% of what they produce for themselves"],
				"requires": ["Merchant Confederacy"],
				"row": 2,
				"column": 1
			},
			{
				"name": "Cultural Diplomacy",
				"uniques":["Quantity of Resources gifted by City-States increased by [100]%"],
				"requires": ["Merchant Confederacy"],
				"row": 2,
				"column": 3
			},
			{
				"name": "Philanthropy",
				"uniques":["Gifts of Gold to City-States generate [25]% more Influence","City-State Influence degrades [25]% slower"],
				"requires": ["Merchant Confederacy"],
				"row": 2,
				"column": 5
			},
			{
				"name": "Consulates",
				"uniques": ["Resting point for Influence with City-States is increased by [20]"],
				"requires": ["Scholasticism"],
				"row": 3,
				"column": 3
			},

			{
				"name": "Patronage Complete",
				"uniques": ["Food and Culture from Friendly City-States are increased by 50%","Free Great Person"],
			}
		]
	},
	{
		"name": "Play CoC",
		"era": "Classical era",
		"uniques": ["Unlocks Statue of Liberty","Incompatible with [Play PTU]","Incompatible with [Play D&D]"],
		"policies": [
			{
				"name": "The Roaring 20s",
				"uniques": ["[+1 Production, +1 Gold, +1 Culture] from every [Stock Exchange]","[+1 Production, +1 Gold, +1 Culture] from every [Bank]","[+1 Production, +1 Gold, +1 Culture] from every [Market]"],
				"row": 1,
				"column": 1
			},
			{
				"name": "Lovecraftian Nightmares",
				"uniques": ["[+1 Culture] from every [Shrine]","[+1 Culture] from every [Temple]",
					"[+1 Culture] from every [Monastery]"],
				"row": 1,
				"column": 3
			},
			{
				"name": "Horror In The Clay",
				"uniques": ["[-2 Science] from every [Shrine]","[-2 Science] from every [Temple]",
					"[-2 Science] from every [Monastery]"],
				"row": 1,
				"column": 5
			},
			{
				"name": "Racism",
				"uniques": ["[-15]% Culture cost of acquiring tiles [in all cities]"],
				"requires": ["Horror In The Clay","Lovecraftian Nightmares","The Roaring 20s"],
				"row": 2,
				"column": 2
			},
			{
				"name": "Cthulhu Worshiping Centers",
				"uniques": ["[+3 Food] from every [Holy site]","[+3 Culture] from every [Holy site]"],
				"requires": ["Horror In The Clay","Lovecraftian Nightmares","The Roaring 20s"],
				"row": 2,
				"column": 4
			},
			{
				"name": "Play CoC",
				"uniques": ["[-10 Science] from every [Monument]","[-10 Science] from every [Holy site]"]
			}
		]
	},	
	{
		"name": "Play PTU",
		"era": "Classical era",
		"uniques": ["Unlocks Kremlin","Incompatible with [Play D&D]","Incompatible with [Play CoC]"],
		"policies": [
			{
				"name": "I love the pokemons",
				"uniques": ["[+1 Faith] from every [Monument]", "[+1 Culture] from every [Shrine]"],
				"row": 1,
				"column": 1
			},
			{
				"name": "Adverse Terrain",
				"uniques": ["[+2 Food] from [Desert] tiles [in all cities]", "[+2 Food] from [Tundra] tiles without [Forest] [in all cities]"],
				"row": 1,
				"column": 3
			},
			{
				"name": "Pokemon Go to War",
				"uniques": ["[+2 Production] from every [Barracks]"],
				"row": 1,
				"column": 4
			},
			{
				"name": "Moo Moo Milk",
				"uniques": ["[+1 Faith] from every [Farm]"],
				"requires": ["I love the pokemons","Adverse Terrain","Pokemon Go to War"],
				"row": 2,
				"column": 2
			},
			{
				"name": "Beat Champeon C",
				"uniques": ["[+1 Food, +1 Production, +1 Gold, +1 Happiness, +1 Faith, +1 Science] from [Mountain] tiles [in all cities]"],
				"requires": ["I love the pokemons","Adverse Terrain","Pokemon Go to War"],
				"row": 2,
				"column": 4
			},
			{
				"name": "Play PTU Complete",
				"uniques": ["[+1 Food] from every [Camp]"]
			}
		]
		},
		{
		"name": "Play D&D",
		"era": "Classical era",
		"uniques": ["Incompatible with [Play PTU]","Incompatible with [Play CoC]"],
		"policies": [
			{
				"name": "NATURAL 20",
				"uniques": ["[+1 Happiness] from every [East India Company]","[+1 Happiness] from every [National Visitor's Center]","[+1 Happiness] from every [Oxford University]","[+1 Happiness] from every [Hermitage]","[+1 Happiness] from every [Ironworks]","[+1 Happiness] from every [Grand Temple]","[+1 Happiness] from every [National Epic]","[+1 Happiness] from every [National College]","[+1 Happiness] from every [Heroic Epic]","[+1 Happiness] from every [Circus Maximus]"],
				"row": 1,
				"column": 3
			},
			{
				"name": "DnD is for nerds",
				"uniques": ["[+2 Happiness] from every [Library]","[+2 Happiness] from every [University]","[+2 Happiness] from every [Monument]"],				
				"requires": ["NATURAL 20"],				
				"row": 2,
				"column": 1
			},
			{
				"name": "Fudging Dice Rolls",
				"uniques": ["Double quantity of [Horses] produced","Double quantity of [Iron] produced",
					"Double quantity of [Coal] produced","Double quantity of [Oil] produced",
					"Double quantity of [Aluminum] produced","Double quantity of [Uranium] produced","[+5 Science] [in capital]","[+5 Food] [in capital]"],
				"requires": ["NATURAL 20"],				
				"row": 2,
				"column": 3
			},
			{
				"name": "Finally Finishing a Caimpaign",
				"uniques": ["[+12 Happiness] [in capital]"],
				"requires": ["NATURAL 20"],				
				"row": 2,
				"column": 5
			},
			{
				"name": "Level 20 Characters",
				"uniques": ["[+25]% attack strength to all [Military] units for [50] turns"],
				"requires": ["NATURAL 20","DnD is for nerds","Fudging Dice Rolls", "Finally Finishing a Caimpaign"],				
				"row": 3,
				"column": 3
			},
			{
				"name": "Play D&D Complete",
				"uniques": ["[+12 Food] [in capital]"]
			}
		]
	}
]