[
	{
		"name": "Farm",
		"terrainsCanBeBuiltOn": ["Plains","Grassland","Desert","Flood plains"],
		"food": 1,
		"turnsToBuild": 7,
		"techRequired": "Agriculture",
		"uniques": ["Can also be built on tiles adjacent to fresh water",
			"[+1 Food] on [Fresh water] tiles <after discovering [Civil Service]>",
			"[+1 Food] on [non-fresh water] tiles <after discovering [Fertilizer]>"],
		"shortcutKey": "F"
	},
	{
		"name": "Fashion Show",
		"uniqueTo": "Lmanburg",
		"gold": 1,
		"turnsToBuild": 6,
		"techRequired": "Guilds",
		"terrainsCanBeBuiltOn": ["Grassland","Plains","Desert","Hill","Tundra","Snow"],
		"uniques": ["[+1 Culture, +1 Gold] for each adjacent [Fashion Show]", "[+1 Gold] <after discovering [Astronomy]>"]
	},
	{
		"name": "Spikes",
		"gold": 1,
		"terrainsCanBeBuiltOn": ["Plains","Grassland","Desert","Hill","Tundra","Forest","Jungle","Flood plains","Marsh","Oasis"],
		"uniques": ["Can be built outside your borders", "Gives a defensive bonus of [25]%","Deal 30 damage to adjacent enemy units"]
	},
	{
		"name": "Lumber mill",
		"terrainsCanBeBuiltOn": ["Forest"],
		"production": 1,
		"turnsToBuild": 7,
		"techRequired": "Bronze Working",
		"uniques": ["[+1 Production] <after discovering [Steel]>"],
		"shortcutKey": "L"
	},
	{
		"name": "Mine",
		"terrainsCanBeBuiltOn": ["Hill"],
		"production": 1,
		"turnsToBuild": 7,
		"techRequired": "Mining",
		"uniques": ["[+1 Production] <after discovering [Chemistry]>"],
		"shortcutKey": "M"
	},
	{
		"name": "Trading post",
		"terrainsCanBeBuiltOn": ["Plains","Grassland","Desert","Hill","Tundra","Forest","Jungle","Flood plains","Marsh"],
		"gold": 1,
		"turnsToBuild": 7,
		"techRequired": "Guilds",
		"uniques": ["[+1 Gold] <after discovering [Economics]>"],
		"shortcutKey": "T"
	},
	
	// Resource-specific
	{
		"name": "Camp",
		"turnsToBuild": 7,
		"techRequired": "Trapping",
		"uniques": ["Does not need removal of [Forest]","Does not need removal of [Jungle]","[+1 Gold] <after discovering [Economics]>"],
		"shortcutKey": "C"
	},
	{
		"name": "Oil well",
		"turnsToBuild": 9,
		"terrainsCanBeBuiltOn": ["Coast"],
		"techRequired": "Biology",
		"uniques": ["Cannot be built on [Coast] tiles until [Refrigeration] is discovered"],
	},
	{
		"name": "Pasture",
		"turnsToBuild": 8,
		"techRequired": "Animal Husbandry",
		"uniques": ["[+1 Food] <after discovering [Fertilizer]>"],
		"shortcutKey": "P"
	},
	{
		"name": "Plantation",
		"turnsToBuild": 6,
		"gold": 1,
		"techRequired": "Calendar",
		"uniques": ["[+1 Food] <after discovering [Fertilizer]>"],
		"shortcutKey": "P"
	},
	{
		"name": "Quarry",
		"turnsToBuild": 8,
		"techRequired": "Masonry",
		"uniques": ["[+1 Production] <after discovering [Chemistry]>"],
		"shortcutKey": "Q"
	},
	{
		"name": "Fishing Boats",
		"terrainsCanBeBuiltOn": ["Coast"],
		"food": 1,
		"techRequired": "Sailing",
		"uniques": ["[+1 Gold] <after discovering [Compass]>"]
	},

	// Special improvement
	{
		"name": "Archaeological Dig",
		"resourceTerrainAllow": ["Grassland","Plains","Forest","Jungle","Desert"],
		"culture": 1,
		"uniques": ["Can be built outside your borders"]
	},
	{
		"name": "Land Trade Route (Food)",
		"resourceTerrainAllow": ["Plains","Grassland","Desert","Hill","Tundra","Forest","Jungle","Flood plains","Marsh","Oasis"],
		"food": 1,
		"uniques": ["Provides [-1] [Trade Route]","Provides [-1] [Trade Route (Count)]"]
	},
	{
		"name": "Land Trade Route (Production)",
		"resourceTerrainAllow": ["Plains","Grassland","Desert","Hill","Tundra","Forest","Jungle","Flood plains","Marsh","Oasis"],
		"production": 1,
		"uniques": ["Provides [-1] [Trade Route]","Provides [-1] [Trade Route (Count)]"]
	},
	{
		"name": "Land Trade Route (Gold)",
		"resourceTerrainAllow": ["Plains","Grassland","Desert","Hill","Tundra","Forest","Jungle","Flood plains","Marsh","Oasis"],
		"gold": 2,
		"science": 2,
		"uniques": ["Provides [-1] [Trade Route]","Provides [-1] [Trade Route (Count)]"]
	},
	{
		"name": "Sea Trade Route (Food)",
		"terrainsCanBeBuiltOn": ["Coast","Ocean","Atoll"],
		"food": 2,
		"uniques": ["Provides [-1] [Trade Route]","Provides [-1] [Trade Route (Count)]"]
	},
	{
		"name": "Sea Trade Route (Production)",
		"terrainsCanBeBuiltOn": ["Coast","Ocean","Atoll"],
		"production": 2,
		"uniques": ["Provides [-1] [Trade Route]","Provides [-1] [Trade Route (Count)]"]
	},
	{
		"name": "Sea Trade Route (Gold)",
		"terrainsCanBeBuiltOn": ["Coast","Ocean","Atoll"],
		"gold": 4,
		"science": 2,
		"uniques": ["Provides [-1] [Trade Route]","Provides [-1] [Trade Route (Count)]"]
	},

	// Military improvements
	{
		"name": "Fort",
		"terrainsCanBeBuiltOn": ["Plains","Grassland","Desert","Hill","Tundra","Snow","Forest","Jungle"],
		"turnsToBuild": 6,
		"techRequired": "Engineering",
		"uniques": ["Gives a defensive bonus of [50]%","Can be built outside your borders"],
		"shortcutKey": "O"
	},

	// Transportation
	{
		"name": "Road",
		"turnsToBuild": 4,
		"techRequired": "The Wheel",
		"uniques": ["Can be built outside your borders","Costs [1] gold per turn when in your territory"],
		"shortcutKey": "R",
		        "civilopediaText": [
            {text:"Reduces movement cost to ½ if the other tile also has a Road or Railroad"},
            {text:"Reduces movement cost to ⅓ with Machinery",link:"Technology/Machinery"},
            {text:"Requires Engineering to bridge rivers",link:"Technology/Engineering"}
        ]
	},
	{
		"name": "Railroad",
		"turnsToBuild": 4,
		"techRequired": "Railroads",
		"uniques": ["Can be built outside your borders","Costs [2] gold per turn when in your territory"],
		"civilopediaText": [{text:"Reduces movement cost to ⅒ if the other tile also has a Railroad"}]
	},
	
	// Removals
	{
		"name": "Remove Forest",
		"turnsToBuild": 4,
		"terrainsCanBeBuiltOn": ["Forest"],
		"techRequired": "Mining",
		"uniques": ["Can be built outside your borders"],
		"shortcutKey": "X",
		"civilopediaText": [{text:"Provides a one-time Production bonus depending on distance to the closest city once finished"}]
	},
	{
		"name": "Remove Jungle",
		"turnsToBuild": 7,
		"terrainsCanBeBuiltOn": ["Jungle"],
		"techRequired": "Bronze Working",
		"uniques": ["Can be built outside your borders"],
		"shortcutKey": "X"
	},
	{
		"name": "Remove Fallout",
		"turnsToBuild": 8,
		"terrainsCanBeBuiltOn": ["Fallout"],
		"techRequired": "Atomic Theory",
		"uniques": ["Can be built outside your borders"],
		"shortcutKey": "X"
	},
	{
		"name": "Remove Marsh",
		"turnsToBuild": 6,
		"terrainsCanBeBuiltOn": ["Marsh"],
		"techRequired": "Masonry",
		"uniques": ["Can be built outside your borders"],
		"shortcutKey": "X"
	},

	// These are unique and have unique in-game checks related to them
	{
		"name": "Remove Road",
		"turnsToBuild": 2,
		"uniques": ["Can be built outside your borders"]
	},
	{
		"name": "Remove Railroad",
		"turnsToBuild": 2,
		"uniques": ["Can be built outside your borders"]
	},
	{
		"name": "Cancel improvement order",
		"uniques": ["Can be built outside your borders"]
	},
	
	// Great Person improvements
	{
		"name": "Academy",
		"science": 8,
		"uniques": ["Great Improvement","[+2 Science] <after discovering [Scientific Theory]>",
			"[+2 Science] <after discovering [Atomic Theory]>"]
	},
	{
		"name": "Holy site",
		"faith": 6,
		"uniques": ["Great Improvement"]
	},
	{
		"name": "Landmark",
		"culture": 6,
		"uniques": ["Great Improvement"]
	},
	{
		"name": "Manufactory",
		"production": 6,
		"food": 1,
		"uniques": ["Great Improvement","[+3 Production] <after discovering [Chemistry]>"]
	},
	{
		"name": "Customs house",
		"gold": 4,
		"uniques": ["Great Improvement","[+4 Gold] <after discovering [Economics]>"]
	},
	{
		"name": "Citadel",
		"uniques": ["Gives a defensive bonus of [100]%","Adjacent units ending their turn take [30] damage","Great Improvement",
			"Can be built just outside your borders"],
			"civilopediaText": [{text:"Constructing it will take over the tiles around it and assign them to your closest city"}]
		// TODO (G&K): adds every tile around it to your territory
	},
	{ "name": "Ancient ruins", "uniques": ["Unpillagable", "Provides a random bonus when entered"],
        "civilopediaText": [{text:"Ancient ruins provide a one-time random bonus when explored"}] },
	{ "name": "City ruins", "uniques": ["Unpillagable"],
        "civilopediaText": [{text:"A bleak reminder of the destruction wreaked by War"}] },
	{ "name": "City center", "uniques": ["Unpillagable", "Indestructible"],
        "civilopediaText": [{text:"Marks the center of a city"},{text:"Appearance changes with the technological era of the owning civilization"}] },
	{ "name": "Barbarian encampment", "uniques": ["Unpillagable"],
        "civilopediaText": [{text:"Home to uncivilized barbarians, will spawn a hostile unit from time to time"}] }
]
